seed,window,prominence,dominant_hz
11,0,9.86514438182,0.604838709677
11,1,9.86514438182,0.604838709677
11,2,15.918684227,2.87298387097
11,3,20.8495741162,0.806451612903
11,4,10.4060964319,2.87298387097
11,5,18.8795413159,2.3689516129
11,6,7.40127701538,3.125
11,7,9.86514438182,0.604838709677
11,8,9.86514438182,0.604838709677
11,9,7.69255593611,1.51209677419
11,10,7.69255593611,1.51209677419
11,11,10.2354171282,2.16733870968
11,12,12.6525678529,2.57056451613
11,13,20.5955992357,3.125
11,14,11.5894035898,2.57056451613
11,15,11.5894035898,2.57056451613
11,16,8.39213450448,1.20967741935
11,17,7.69255593611,1.51209677419
11,18,20.7621881724,1.46169354839
11,19,27.6778373722,1.5625
11,20,20.5955992357,3.125
11,21,11.5894035898,2.57056451613
11,22,8.50004038274,1.20967741935
11,23,8.50004038274,1.20967741935
11,24,15.844195477,0.907258064516
11,25,13.748852971,0.907258064516
11,26,27.6778373722,1.5625
11,27,23.0222660235,1.05846774194
11,28,10.3530056125,2.57056451613
11,29,8.50004038274,1.20967741935
11,30,8.50004038274,1.20967741935
11,31,15.844195477,0.907258064516
11,32,13.748852971,0.907258064516
11,33,18.8875187235,0.957661290323
11,34,18.8875187235,0.957661290323
11,35,10.7639695827,2.3185483871
11,36,22.4109203734,2.01612903226
11,37,22.4109203734,2.01612903226
11,38,23.8013157101,1.05846774194
11,39,14.2982348865,2.72177419355
11,40,33.0085354764,0.554435483871
11,41,33.0085354764,0.554435483871
11,42,10.9953572697,0.151209677419
11,43,8.64618100136,1.91532258065
11,44,13.015619166,1.66330645161
11,45,13.015619166,1.66330645161
11,46,12.1726422618,2.72177419355
11,47,33.0085354764,0.554435483871
11,48,33.0085354764,0.554435483871
13,0,20.1310551405,1.00806451613
13,1,16.5827209207,1.76411290323
13,2,16.460194632,2.92338709677
13,3,11.272780162,0.252016129032
13,4,11.272780162,0.252016129032
13,5,16.1392439849,2.46975806452
13,6,16.1392439849,2.46975806452
13,7,5.71234696252,1.51209677419
13,8,5.71234696252,1.51209677419
13,9,16.460194632,2.92338709677
13,10,11.272780162,0.252016129032
13,11,11.272780162,0.252016129032
13,12,9.84881726919,1.61290322581
13,13,16.1392439849,2.46975806452
13,14,13.1349513842,1.31048387097
13,15,19.4037614756,0.352822580645
13,16,19.4037614756,0.352822580645
13,17,9.48337902519,1.05846774194
13,18,9.48337902519,1.05846774194
13,19,7.98245218905,1.26008064516
13,20,12.2521835382,1.05846774194
13,21,17.2041728781,0.907258064516
13,22,19.4037614756,0.352822580645
13,23,19.4037614756,0.352822580645
13,24,7.07401945386,2.21774193548
13,25,7.98245218905,1.26008064516
13,26,7.98245218905,1.26008064516
13,27,9.77802142453,1.05846774194
13,28,17.2041728781,0.907258064516
13,29,15.6847096074,0.352822580645
13,30,20.0575631999,2.3689516129
13,31,20.0575631999,2.3689516129
13,32,7.07401945386,2.21774193548
13,33,11.7264736659,2.92338709677
13,34,9.77802142453,1.05846774194
13,35,13.1404705833,2.26814516129
13,36,16.3351432339,2.21774193548
13,37,20.0575631999,2.3689516129
13,38,20.0575631999,2.3689516129
13,39,12.572087287,2.41935483871
13,40,7.89888827481,0.806451612903
13,41,19.9011508276,2.57056451613
13,42,13.1404705833,2.26814516129
13,43,16.3351432339,2.21774193548
13,44,15.819141066,2.3689516129
13,45,15.819141066,2.3689516129
13,46,10.2073137388,0.151209677419
13,47,7.89888827481,0.806451612903
13,48,19.9011508276,2.57056451613
17,0,10.6618116515,2.11693548387
17,1,8.52959679746,2.97379032258
17,2,14.2319437403,0.806451612903
17,3,14.2319437403,0.806451612903
17,4,11.7473309388,2.67137096774
17,5,7.14588323277,0.756048387097
17,6,10.0354976697,1.96572580645
17,7,7.75646373479,1.5625
17,8,7.75646373479,1.5625
17,9,11.2442154302,2.77217741935
17,10,11.2442154302,2.77217741935
17,11,11.7473309388,2.67137096774
17,12,31.2620350235,3.07459677419
17,13,32.8365814831,0.252016129032
17,14,10.6347026942,1.20967741935
17,15,11.5384229556,1.20967741935
17,16,11.5384229556,1.20967741935
17,17,4.42384587454,2.77217741935
17,18,8.73252418219,1.31048387097
17,19,31.2620350235,3.07459677419
17,20,10.7403143163,2.92338709677
17,21,10.6347026942,1.20967741935
17,22,11.5384229556,1.20967741935
17,23,11.5384229556,1.20967741935
17,24,12.8638360332,1.81451612903
17,25,12.8638360332,1.81451612903
17,26,14.5708877215,2.77217741935
17,27,10.7403143163,2.92338709677
17,28,6.56783992651,2.52016129032
17,29,11.3093861521,1.20967741935
17,30,11.3093861521,1.20967741935
17,31,12.8638360332,1.81451612903
17,32,5.24469815609,0.453629032258
17,33,12.5341241338,0.957661290323
17,34,12.5341241338,0.957661290323
17,35,9.82061727646,2.11693548387
17,36,9.46735267833,1.66330645161
17,37,9.46735267833,1.66330645161
17,38,17.372624789,1.36088709677
17,39,5.24469815609,0.453629032258
17,40,12.5341241338,0.957661290323
17,41,12.5341241338,0.957661290323
17,42,9.54337676118,3.02419354839
17,43,15.2089037475,2.57056451613
17,44,15.2089037475,2.57056451613
17,45,6.69359962644,1.36088709677
17,46,6.69359962644,1.36088709677
17,47,13.4434425876,0.957661290323
17,48,13.4434425876,0.957661290323
19,0,17.5068846332,1.31048387097
19,1,17.5068846332,1.31048387097
19,2,34.0592734597,0.806451612903
19,3,7.14298899835,1.66330645161
19,4,7.14298899835,1.66330645161
19,5,9.29069121766,1.20967741935
19,6,9.29069121766,1.20967741935
19,7,17.5068846332,1.31048387097
19,8,17.5068846332,1.31048387097
19,9,16.5076748273,1.31048387097
19,10,13.1259738239,2.87298387097
19,11,13.1259738239,2.87298387097
19,12,9.29069121766,1.20967741935
19,13,9.29069121766,1.20967741935
19,14,11.9011812927,1.31048387097
19,15,7.28323193914,1.31048387097
19,16,8.89506516485,2.21774193548
19,17,13.1259738239,2.87298387097
19,18,13.1259738239,2.87298387097
19,19,7.45394851513,1.20967741935
19,20,7.45394851513,1.20967741935
19,21,20.2299868666,0.403225806452
19,22,7.28323193914,1.31048387097
19,23,8.89506516485,2.21774193548
19,24,16.2407253101,3.07459677419
19,25,16.2407253101,3.07459677419
19,26,30.4824354182,0.352822580645
19,27,20.5179611673,1.5625
19,28,10.3770143066,3.125
19,29,26.9273972613,1.61290322581
19,30,12.9752444447,2.11693548387
19,31,17.1494417628,3.07459677419
19,32,17.1494417628,3.07459677419
19,33,30.4824354182,0.352822580645
19,34,17.9020065462,2.97379032258
19,35,9.70952420474,1.05846774194
19,36,9.70952420474,1.05846774194
19,37,26.9273972613,1.61290322581
19,38,17.1494417628,3.07459677419
19,39,17.1494417628,3.07459677419
19,40,6.97290464593,0.453629032258
19,41,6.97290464593,0.453629032258
19,42,9.67645736257,0.604838709677
19,43,9.67645736257,0.604838709677
19,44,29.5816808861,0.907258064516
19,45,11.9982764684,1.51209677419
19,46,11.9982764684,1.51209677419
19,47,6.97290464593,0.453629032258
19,48,6.97290464593,0.453629032258
23,0,19.760758688,1.36088709677
23,1,9.87570644366,1.26008064516
23,2,21.5751861865,3.22580645161
23,3,21.5751861865,3.22580645161
23,4,11.8690047065,0.151209677419
23,5,11.8690047065,0.151209677419
23,6,7.32558907559,2.82258064516
23,7,25.3570973906,0.604838709677
23,8,10.5211191113,2.92338709677
23,9,6.63093601397,0.604838709677
23,10,16.2984069749,0.85685483871
23,11,16.2984069749,0.85685483871
23,12,14.5148120691,1.15927419355
23,13,14.5148120691,1.15927419355
23,14,17.6026921465,0.85685483871
23,15,10.5211191113,2.92338709677
23,16,6.63093601397,0.604838709677
23,17,17.748710623,0.85685483871
23,18,17.748710623,0.85685483871
23,19,13.2625192289,1.15927419355
23,20,13.2625192289,1.15927419355
23,21,9.2293572954,2.21774193548
23,22,9.2293572954,2.21774193548
23,23,5.67075897667,0.604838709677
23,24,17.748710623,0.85685483871
23,25,17.748710623,0.85685483871
23,26,16.7955672704,2.67137096774
23,27,13.2625192289,1.15927419355
23,28,9.2293572954,2.21774193548
23,29,9.2293572954,2.21774193548
23,30,21.7187183278,2.82258064516
23,31,9.69709721443,0.70564516129
23,32,17.3444901567,2.72177419355
23,33,17.3444901567,2.72177419355
23,34,28.0057080035,2.97379032258
23,35,11.3264400484,0.85685483871
23,36,11.3264400484,0.85685483871
23,37,21.4522514231,2.06653225806
23,38,13.6134059155,1.71370967742
23,39,13.6134059155,1.71370967742
23,40,17.3444901567,2.72177419355
23,41,19.0946166068,3.07459677419
23,42,11.3471832415,1.66330645161
23,43,11.3471832415,1.66330645161
23,44,8.59174472446,1.36088709677
23,45,13.6134059155,1.71370967742
23,46,13.6134059155,1.71370967742
23,47,26.5524512549,3.07459677419
23,48,26.5524512549,3.07459677419
29,0,6.93193301297,1.96572580645
29,1,6.93193301297,1.96572580645
29,2,21.4389351599,2.87298387097
29,3,6.9564909583,2.67137096774
29,4,9.30782230732,2.67137096774
29,5,24.6733263241,1.61290322581
29,6,24.6733263241,1.61290322581
29,7,6.93193301297,1.96572580645
29,8,6.93193301297,1.96572580645
29,9,10.6206914338,2.46975806452
29,10,10.8595138944,2.67137096774
29,11,10.8595138944,2.67137096774
29,12,24.6733263241,1.61290322581
29,13,24.6733263241,1.61290322581
29,14,14.7247853752,1.91532258065
29,15,14.7247853752,1.91532258065
29,16,22.5321442784,1.71370967742
29,17,10.8595138944,2.67137096774
29,18,10.8595138944,2.67137096774
29,19,14.0129053541,2.62096774194
29,20,11.2198297808,2.46975806452
29,21,20.2365593474,2.87298387097
29,22,12.1230462797,2.41935483871
29,23,22.5321442784,1.71370967742
29,24,12.7170197414,1.71370967742
29,25,12.7170197414,1.71370967742
29,26,11.1383650704,3.17540322581
29,27,11.2198297808,2.46975806452
29,28,10.9087808588,2.01612903226
29,29,10.9087808588,2.01612903226
29,30,17.5919338859,1.71370967742
29,31,12.7170197414,1.71370967742
29,32,12.7170197414,1.71370967742
29,33,11.1383650704,3.17540322581
29,34,18.8342347653,1.86491935484
29,35,10.9087808588,2.01612903226
29,36,10.9087808588,2.01612903226
29,37,20.9036767054,1.36088709677
29,38,20.9036767054,1.36088709677
29,39,28.3974911394,2.21774193548
29,40,16.2049696889,0.151209677419
29,41,8.37124876566,1.81451612903
29,42,18.1726024771,1.31048387097
29,43,10.3383000665,1.15927419355
29,44,20.9036767054,1.36088709677
29,45,20.9036767054,1.36088709677
29,46,9.78112674324,2.46975806452
29,47,8.81657311308,1.81451612903
29,48,8.81657311308,1.81451612903
31,0,25.1841745451,3.17540322581
31,1,8.56044067735,3.125
31,2,8.56044067735,3.125
31,3,13.4516037227,2.3185483871
31,4,22.6103650134,0.504032258065
31,5,7.41423848075,2.72177419355
31,6,7.41423848075,2.72177419355
31,7,23.8770670259,0.302419354839
31,8,23.8770670259,0.302419354839
31,9,12.6470279806,1.46169354839
31,10,12.6470279806,1.46169354839
31,11,13.5571571835,2.77217741935
31,12,13.5571571835,2.77217741935
31,13,9.60604541997,1.91532258065
31,14,7.62638143888,2.72177419355
31,15,7.62638143888,2.72177419355
31,16,21.3598415775,0.957661290323
31,17,21.3598415775,0.957661290323
31,18,20.1542206916,0.957661290323
31,19,14.8565562522,0.252016129032
31,20,14.8565562522,0.252016129032
31,21,7.62638143888,2.72177419355
31,22,7.62638143888,2.72177419355
31,23,21.3598415775,0.957661290323
31,24,15.3052547822,0.957661290323
31,25,15.3052547822,0.957661290323
31,26,14.8565562522,0.252016129032
31,27,14.8565562522,0.252016129032
31,28,7.18102767254,2.77217741935
31,29,7.18102767254,2.77217741935
31,30,22.6828061802,0.957661290323
31,31,15.3052547822,0.957661290323
31,32,15.3052547822,0.957661290323
31,33,14.074154721,1.5625
31,34,8.1485497251,0.907258064516
31,35,12.2271015564,0.151209677419
31,36,18.760964815,0.201612903226
31,37,18.760964815,0.201612903226
31,38,21.9135584274,1.36088709677
31,39,20.6787919934,1.36088709677
31,40,14.074154721,1.5625
31,41,24.97098982,2.92338709677
31,42,25.5584936527,2.62096774194
31,43,18.760964815,0.201612903226
31,44,18.760964815,0.201612903226
31,45,21.9135584274,1.36088709677
31,46,22.3175511352,1.36088709677
31,47,10.1291310876,1.61290322581
31,48,11.8953051682,1.96572580645
37,0,7.96748695518,0.85685483871
37,1,15.6484342283,0.151209677419
37,2,15.6484342283,0.151209677419
37,3,11.2385428836,2.01612903226
37,4,11.2385428836,2.01612903226
37,5,16.4760049884,3.22580645161
37,6,11.1634983836,2.57056451613
37,7,24.3537861893,0.806451612903
37,8,12.5350160777,1.96572580645
37,9,12.5350160777,1.96572580645
37,10,11.2385428836,2.01612903226
37,11,11.2385428836,2.01612903226
37,12,16.4760049884,3.22580645161
37,13,11.1634983836,2.57056451613
37,14,24.0359733578,0.252016129032
37,15,8.21369285779,0.957661290323
37,16,24.9236080655,2.46975806452
37,17,7.05223591526,2.01612903226
37,18,7.05223591526,2.01612903226
37,19,13.6568883963,1.15927419355
37,20,13.6568883963,1.15927419355
37,21,6.42302091933,2.3185483871
37,22,6.30240531844,0.957661290323
37,23,15.8713747693,2.46975806452
37,24,24.2417826437,2.46975806452
37,25,24.2417826437,2.46975806452
37,26,13.6568883963,1.15927419355
37,27,13.6568883963,1.15927419355
37,28,6.42302091933,2.3185483871
37,29,6.30240531844,0.957661290323
37,30,15.8713747693,2.46975806452
37,31,24.2417826437,2.46975806452
37,32,24.2417826437,2.46975806452
37,33,11.9485082733,1.41129032258
37,34,11.9485082733,1.41129032258
37,35,15.3846486439,2.82258064516
37,36,15.3846486439,2.82258064516
37,37,10.0654882588,1.51209677419
37,38,12.1795648007,3.125
37,39,12.1795648007,3.125
37,40,11.9859002509,2.82258064516
37,41,11.9859002509,2.82258064516
37,42,18.6890237545,2.46975806452
37,43,18.6890237545,2.46975806452
37,44,10.0654882588,1.51209677419
37,45,10.0654882588,1.51209677419
37,46,7.69073545871,1.86491935484
37,47,8.34185016825,0.957661290323
37,48,8.34185016825,0.957661290323
3,0,18.5221400783,1.51209677419
3,1,5.99233652035,2.57056451613
3,2,12.7458584955,1.81451612903
3,3,18.5747310298,1.31048387097
3,4,7.13716778597,3.07459677419
3,5,7.13716778597,3.07459677419
3,6,5.2888415565,0.655241935484
3,7,16.9211920997,1.51209677419
3,8,5.99233652035,2.57056451613
3,9,9.12831053214,2.16733870968
3,10,9.12831053214,2.16733870968
3,11,7.13716778597,3.07459677419
3,12,7.13716778597,3.07459677419
3,13,5.2888415565,0.655241935484
3,14,16.9211920997,1.51209677419
3,15,10.2027705489,0.907258064516
3,16,9.12831053214,2.16733870968
3,17,9.12831053214,2.16733870968
3,18,8.47463594497,3.125
3,19,8.47463594497,3.125
3,20,13.5564279771,2.3185483871
3,21,11.1099750231,1.00806451613
3,22,11.5623027382,0.403225806452
3,23,11.720600529,1.15927419355
3,24,11.720600529,1.15927419355
3,25,22.9839405141,2.3689516129
3,26,22.9839405141,2.3689516129
3,27,14.9875843034,0.453629032258
3,28,9.04345154235,1.66330645161
3,29,6.86404886011,1.31048387097
3,30,11.5623027382,0.403225806452
3,31,9.5578398802,3.07459677419
3,32,22.9839405141,2.3689516129
3,33,22.9839405141,2.3689516129
3,34,14.9875843034,0.453629032258
3,35,9.04345154235,1.66330645161
3,36,6.86404886011,1.31048387097
3,37,28.9346227977,1.41129032258
3,38,29.9882435384,1.41129032258
3,39,12.2103046352,0.453629032258
3,40,11.7524556111,0.907258064516
3,41,15.4932069668,2.72177419355
3,42,11.6716922286,1.81451612903
3,43,14.2671715216,1.36088709677
3,44,28.9996909216,1.41129032258
3,45,28.9996909216,1.41129032258
3,46,24.1026378582,1.71370967742
3,47,24.1026378582,1.71370967742
3,48,11.6408844648,2.16733870968
41,0,13.0784059364,0.655241935484
41,1,31.9862713702,2.62096774194
41,2,31.9862713702,2.62096774194
41,3,15.4355985843,2.21774193548
41,4,28.5153882597,0.302419354839
41,5,28.5153882597,0.302419354839
41,6,13.4004027528,1.5625
41,7,20.8495599582,1.05846774194
41,8,7.78596656586,1.51209677419
41,9,10.7189623434,2.3185483871
41,10,10.7189623434,2.3185483871
41,11,9.3539350034,0.151209677419
41,12,26.4819604469,0.151209677419
41,13,17.0496779549,0.907258064516
41,14,20.8495599582,1.05846774194
41,15,7.78596656586,1.51209677419
41,16,10.7189623434,2.3185483871
41,17,10.7189623434,2.3185483871
41,18,9.3539350034,0.151209677419
41,19,12.0102727315,0.554435483871
41,20,22.7664877312,0.85685483871
41,21,10.3756180277,2.21774193548
41,22,10.3756180277,2.21774193548
41,23,19.2106485636,2.97379032258
41,24,19.2106485636,2.97379032258
41,25,16.9784572254,2.97379032258
41,26,12.0102727315,0.554435483871
41,27,16.2413878985,0.504032258065
41,28,7.99084987616,2.41935483871
41,29,7.59076288563,0.756048387097
41,30,7.59076288563,0.756048387097
41,31,16.9784572254,2.97379032258
41,32,16.9784572254,2.97379032258
41,33,9.42566565147,0.756048387097
41,34,16.2413878985,0.504032258065
41,35,18.1613647408,0.85685483871
41,36,14.158906077,0.756048387097
41,37,14.158906077,0.756048387097
41,38,16.1545771651,0.352822580645
41,39,9.42566565147,0.756048387097
41,40,9.42566565147,0.756048387097
41,41,14.4946818796,0.504032258065
41,42,18.1613647408,0.85685483871
41,43,14.158906077,0.756048387097
41,44,14.158906077,0.756048387097
41,45,21.5637612369,0.907258064516
41,46,9.65011289718,2.92338709677
41,47,9.65011289718,2.92338709677
41,48,12.1124030909,2.72177419355
5,0,19.2156786376,0.85685483871
5,1,19.2156786376,0.85685483871
5,2,6.72128145308,0.756048387097
5,3,13.6315320348,1.71370967742
5,4,10.5423618549,2.21774193548
5,5,10.5423618549,2.21774193548
5,6,16.9986644571,0.302419354839
5,7,15.2583695001,3.125
5,8,19.2156786376,0.85685483871
5,9,10.9448167806,0.504032258065
5,10,10.9448167806,0.504032258065
5,11,11.0720731317,2.21774193548
5,12,11.0720731317,2.21774193548
5,13,36.8723554602,0.151209677419
5,14,15.2583695001,3.125
5,15,24.4324209188,0.655241935484
5,16,10.9448167806,0.504032258065
5,17,10.9448167806,0.504032258065
5,18,19.4196841271,0.957661290323
5,19,10.2870459732,0.554435483871
5,20,10.2870459732,0.554435483871
5,21,11.076226002,2.72177419355
5,22,24.4324209188,0.655241935484
5,23,20.2625275909,1.26008064516
5,24,27.1323498776,0.957661290323
5,25,27.1323498776,0.957661290323
5,26,11.4365200116,0.554435483871
5,27,11.4365200116,0.554435483871
5,28,20.9194325144,2.3185483871
5,29,5.38226689995,0.70564516129
5,30,15.724364862,0.957661290323
5,31,9.51650759161,1.51209677419
5,32,9.51650759161,1.51209677419
5,33,11.4365200116,0.554435483871
5,34,11.4365200116,0.554435483871
5,35,10.0879567442,2.26814516129
5,36,10.0879567442,2.26814516129
5,37,11.5941583479,1.51209677419
5,38,9.51650759161,1.51209677419
5,39,9.51650759161,1.51209677419
5,40,12.6679796243,3.125
5,41,12.6679796243,3.125
5,42,30.5550746131,0.352822580645
5,43,30.5550746131,0.352822580645
5,44,19.5250683116,2.82258064516
5,45,6.28523318102,1.51209677419
5,46,6.28523318102,1.51209677419
5,47,12.6679796243,3.125
5,48,12.6679796243,3.125
7,0,9.28522882153,2.01612903226
7,1,6.12027901197,0.302419354839
7,2,6.12027901197,0.302419354839
7,3,9.80837448543,2.3689516129
7,4,9.08568866374,1.00806451613
7,5,26.4665754987,2.46975806452
7,6,20.4226473973,1.91532258065
7,7,9.28522882153,2.01612903226
7,8,6.12027901197,0.302419354839
7,9,6.12027901197,0.302419354839
7,10,10.447657784,2.3689516129
7,11,21.8009424829,1.66330645161
7,12,21.8009424829,1.66330645161
7,13,20.4226473973,1.91532258065
7,14,5.79482844184,2.41935483871
7,15,17.6271287926,0.302419354839
7,16,19.3944650002,1.51209677419
7,17,19.3944650002,1.51209677419
7,18,16.6862770202,0.957661290323
7,19,4.46689202614,2.3185483871
7,20,4.46689202614,2.3185483871
7,21,31.7496717722,2.26814516129
7,22,31.7496717722,2.26814516129
7,23,19.3944650002,1.51209677419
7,24,19.3944650002,1.51209677419
7,25,16.5466504596,3.02419354839
7,26,6.37315695663,0.302419354839
7,27,6.37315695663,0.302419354839
7,28,7.43405177092,2.52016129032
7,29,7.43405177092,2.52016129032
7,30,8.81921752646,1.51209677419
7,31,8.81921752646,1.51209677419
7,32,16.5466504596,3.02419354839
7,33,6.37315695663,0.302419354839
7,34,6.37315695663,0.302419354839
7,35,17.3655256988,2.06653225806
7,36,10.5369548477,2.26814516129
7,37,8.81921752646,1.51209677419
7,38,8.81921752646,1.51209677419
7,39,6.00459918153,0.453629032258
7,40,16.4618561867,1.5625
7,41,16.4618561867,1.5625
7,42,17.3655256988,2.06653225806
7,43,10.5369548477,2.26814516129
7,44,10.5369548477,2.26814516129
7,45,6.00459918153,0.453629032258
7,46,6.00459918153,0.453629032258
7,47,8.62142244551,2.77217741935
7,48,8.62142244551,2.77217741935
