scene,dwell_s,net,sta,lat,lon,name,datacentre,start,end,waveform_bytes
CAPELLA_C15_SP_CPHD_HH_20241115212743_20241115212823,40.1,AM,RC269,47.47747747747748,19.049177505045154,Raspberry Shake Citizen Science Station,RASPISHAKE,2024-11-15T21:28:23Z,2024-11-15T21:29:03Z,6656
CAPELLA_C13_SP_CPHD_HH_20241008104829_20241008104908,39.0,HV,PAUD,19.373785,-155.2155,"Pauahi, Hawaii Digital",IRISDMC,2024-10-08T10:49:07Z,2024-10-08T10:49:45Z,24064
CAPELLA_C14_SP_CPHD_HH_20240924060907_20240924060945,38.4,HV,PAUD,19.373785,-155.2155,"Pauahi, Hawaii Digital",IRISDMC,2024-09-24T06:09:08Z,2024-09-24T06:09:46Z,25600
CAPELLA_C13_SP_CPHD_HH_20241003024738_20241003024817,38.2,HV,PAUD,19.373785,-155.2155,"Pauahi, Hawaii Digital",IRISDMC,2024-10-03T02:48:16Z,2024-10-03T02:48:54Z,29184
CAPELLA_C15_SP_CPHD_HH_20241114212350_20241114212427,37.6,AM,RC269,47.47747747747748,19.049177505045154,Raspberry Shake Citizen Science Station,RASPISHAKE,2024-11-14T21:24:27Z,2024-11-14T21:25:04Z,6656
CAPELLA_C13_SP_CPHD_HH_20241009004436_20241009004512,35.9,HV,PAUD,19.373785,-155.2155,"Pauahi, Hawaii Digital",IRISDMC,2024-10-09T00:45:12Z,2024-10-09T00:45:47Z,26624
CAPELLA_C10_SP_CPHD_HH_20240611004012_20240611004047,34.8,HV,RIMD,19.395368,-155.273643,Caldera Rim Hawaii Digital,IRISDMC,2024-06-11T00:40:12Z,2024-06-11T00:40:46Z,30208
CAPELLA_C10_SP_CPHD_HH_20240611004012_20240611004047,34.8,HV,UWE,19.420972,-155.291162,Uwekahuna Vault Hawaii,IRISDMC,2024-06-11T00:40:12Z,2024-06-11T00:40:46Z,29696
CAPELLA_C10_SP_CPHD_HH_20240611004012_20240611004047,34.8,HV,KKO,19.398242,-155.266032,Keanakakoi Crater,IRISDMC,2024-06-11T00:40:12Z,2024-06-11T00:40:46Z,26624
CAPELLA_C10_SP_CPHD_HH_20240611004012_20240611004047,34.8,HV,OTLD,19.386532,-155.281715,Outlet Digital,IRISDMC,2024-06-11T00:40:12Z,2024-06-11T00:40:46Z,18944
CAPELLA_C10_SP_CPHD_HH_20240611004012_20240611004047,34.8,HV,SDH,19.390003,-155.293995,Sand Hill,IRISDMC,2024-06-11T00:40:12Z,2024-06-11T00:40:46Z,15872
CAPELLA_C10_SP_CPHD_HH_20240611004012_20240611004047,34.8,HV,WRM,19.406623,-155.300005,West Rim Hawaii Digital,IRISDMC,2024-06-11T00:40:12Z,2024-06-11T00:40:46Z,15872
CAPELLA_C10_SP_CPHD_HH_20240611004012_20240611004047,34.8,HV,UWB,19.42476,-155.277582,Uwekahuna Bluff Hawaii,IRISDMC,2024-06-11T00:40:12Z,2024-06-11T00:40:46Z,15360
CAPELLA_C13_SP_CPHD_HH_20241010111409_20241010111443,34.4,HV,PAUD,19.373785,-155.2155,"Pauahi, Hawaii Digital",IRISDMC,2024-10-10T11:14:43Z,2024-10-10T11:15:17Z,23040
CAPELLA_C10_SP_CPHD_HH_20240615223406_20240615223440,34.2,HV,RIMD,19.395368,-155.273643,Caldera Rim Hawaii Digital,IRISDMC,2024-06-15T22:34:06Z,2024-06-15T22:34:40Z,27136
CAPELLA_C10_SP_CPHD_HH_20240615223406_20240615223440,34.2,HV,UWE,19.420972,-155.291162,Uwekahuna Vault Hawaii,IRISDMC,2024-06-15T22:34:06Z,2024-06-15T22:34:40Z,27136
CAPELLA_C10_SP_CPHD_HH_20240615223406_20240615223440,34.2,HV,KKO,19.398242,-155.266032,Keanakakoi Crater,IRISDMC,2024-06-15T22:34:06Z,2024-06-15T22:34:40Z,26624
CAPELLA_C10_SP_CPHD_HH_20240615223406_20240615223440,34.2,HV,WRM,19.406623,-155.300005,West Rim Hawaii Digital,IRISDMC,2024-06-15T22:34:06Z,2024-06-15T22:34:40Z,17408
CAPELLA_C10_SP_CPHD_HH_20240615223406_20240615223440,34.2,HV,SDH,19.390003,-155.293995,Sand Hill,IRISDMC,2024-06-15T22:34:06Z,2024-06-15T22:34:40Z,16384
CAPELLA_C10_SP_CPHD_HH_20240615223406_20240615223440,34.2,HV,UWB,19.42476,-155.277582,Uwekahuna Bluff Hawaii,IRISDMC,2024-06-15T22:34:06Z,2024-06-15T22:34:40Z,15360
CAPELLA_C10_SP_CPHD_HH_20240615223406_20240615223440,34.2,HV,OTLD,19.386532,-155.281715,Outlet Digital,IRISDMC,2024-06-15T22:34:06Z,2024-06-15T22:34:40Z,14336
CAPELLA_C10_SP_CPHD_HH_20240718073407_20240718073441,33.9,HV,UWB,19.42476,-155.277582,Uwekahuna Bluff Hawaii,IRISDMC,2024-07-18T07:34:07Z,2024-07-18T07:34:40Z,50176
CAPELLA_C10_SP_CPHD_HH_20240718073407_20240718073441,33.9,HV,RIMD,19.395368,-155.273643,Caldera Rim Hawaii Digital,IRISDMC,2024-07-18T07:34:07Z,2024-07-18T07:34:40Z,24576
CAPELLA_C10_SP_CPHD_HH_20240718073407_20240718073441,33.9,HV,UWE,19.420972,-155.291162,Uwekahuna Vault Hawaii,IRISDMC,2024-07-18T07:34:07Z,2024-07-18T07:34:40Z,24064
CAPELLA_C10_SP_CPHD_HH_20240718073407_20240718073441,33.9,HV,WRM,19.406623,-155.300005,West Rim Hawaii Digital,IRISDMC,2024-07-18T07:34:07Z,2024-07-18T07:34:40Z,22016
CAPELLA_C10_SP_CPHD_HH_20240718073407_20240718073441,33.9,HV,KKO,19.398242,-155.266032,Keanakakoi Crater,IRISDMC,2024-07-18T07:34:07Z,2024-07-18T07:34:40Z,19968
CAPELLA_C10_SP_CPHD_HH_20240718073407_20240718073441,33.9,HV,OTLD,19.386532,-155.281715,Outlet Digital,IRISDMC,2024-07-18T07:34:07Z,2024-07-18T07:34:40Z,14848
CAPELLA_C10_SP_CPHD_HH_20240718073407_20240718073441,33.9,HV,SDH,19.390003,-155.293995,Sand Hill,IRISDMC,2024-07-18T07:34:07Z,2024-07-18T07:34:40Z,13824
CAPELLA_C10_SP_CPHD_HH_20240919044744_20240919044817,33.4,HV,PAUD,19.373785,-155.2155,"Pauahi, Hawaii Digital",IRISDMC,2024-09-19T04:47:44Z,2024-09-19T04:48:17Z,25088
CAPELLA_C13_SP_CPHD_HH_20241114042855_20241114042929,33.3,AM,RC269,47.47747747747748,19.049177505045154,Raspberry Shake Citizen Science Station,RASPISHAKE,2024-11-14T04:29:29Z,2024-11-14T04:30:02Z,6144
CAPELLA_C10_SP_CPHD_HH_20240624025907_20240624025940,32.8,HV,RIMD,19.395368,-155.273643,Caldera Rim Hawaii Digital,IRISDMC,2024-06-24T02:59:07Z,2024-06-24T02:59:39Z,31232
CAPELLA_C10_SP_CPHD_HH_20240624025907_20240624025940,32.8,HV,UWE,19.420972,-155.291162,Uwekahuna Vault Hawaii,IRISDMC,2024-06-24T02:59:07Z,2024-06-24T02:59:39Z,27136
CAPELLA_C10_SP_CPHD_HH_20240624025907_20240624025940,32.8,HV,KKO,19.398242,-155.266032,Keanakakoi Crater,IRISDMC,2024-06-24T02:59:07Z,2024-06-24T02:59:39Z,26624
CAPELLA_C10_SP_CPHD_HH_20240624025907_20240624025940,32.8,HV,SDH,19.390003,-155.293995,Sand Hill,IRISDMC,2024-06-24T02:59:07Z,2024-06-24T02:59:39Z,16384
CAPELLA_C10_SP_CPHD_HH_20240624025907_20240624025940,32.8,HV,BYL,19.412087,-155.259877,Byron's Ledge,IRISDMC,2024-06-24T02:59:07Z,2024-06-24T02:59:39Z,15360
CAPELLA_C10_SP_CPHD_HH_20240624025907_20240624025940,32.8,HV,WRM,19.406623,-155.300005,West Rim Hawaii Digital,IRISDMC,2024-06-24T02:59:07Z,2024-06-24T02:59:39Z,15360
CAPELLA_C10_SP_CPHD_HH_20240624025907_20240624025940,32.8,HV,OTLD,19.386532,-155.281715,Outlet Digital,IRISDMC,2024-06-24T02:59:07Z,2024-06-24T02:59:39Z,14848
CAPELLA_C10_SP_CPHD_HH_20240624025907_20240624025940,32.8,HV,UWB,19.42476,-155.277582,Uwekahuna Bluff Hawaii,IRISDMC,2024-06-24T02:59:07Z,2024-06-24T02:59:39Z,14336
CAPELLA_C09_SP_CPHD_HH_20240613070349_20240613070421,32.5,HV,RIMD,19.395368,-155.273643,Caldera Rim Hawaii Digital,IRISDMC,2024-06-13T07:03:49Z,2024-06-13T07:04:21Z,32768
CAPELLA_C09_SP_CPHD_HH_20240613070349_20240613070421,32.5,HV,KKO,19.398242,-155.266032,Keanakakoi Crater,IRISDMC,2024-06-13T07:03:49Z,2024-06-13T07:04:21Z,25088
CAPELLA_C09_SP_CPHD_HH_20240613070349_20240613070421,32.5,HV,UWE,19.420972,-155.291162,Uwekahuna Vault Hawaii,IRISDMC,2024-06-13T07:03:49Z,2024-06-13T07:04:21Z,24064
CAPELLA_C09_SP_CPHD_HH_20240613070349_20240613070421,32.5,HV,WRM,19.406623,-155.300005,West Rim Hawaii Digital,IRISDMC,2024-06-13T07:03:49Z,2024-06-13T07:04:21Z,18944
CAPELLA_C09_SP_CPHD_HH_20240613070349_20240613070421,32.5,HV,OTLD,19.386532,-155.281715,Outlet Digital,IRISDMC,2024-06-13T07:03:49Z,2024-06-13T07:04:21Z,15872
CAPELLA_C09_SP_CPHD_HH_20240613070349_20240613070421,32.5,HV,SDH,19.390003,-155.293995,Sand Hill,IRISDMC,2024-06-13T07:03:49Z,2024-06-13T07:04:21Z,15872
CAPELLA_C09_SP_CPHD_HH_20240613070349_20240613070421,32.5,HV,UWB,19.42476,-155.277582,Uwekahuna Bluff Hawaii,IRISDMC,2024-06-13T07:03:49Z,2024-06-13T07:04:21Z,11264
CAPELLA_C10_SP_CPHD_HH_20240702141725_20240702141758,32.4,HV,UWB,19.42476,-155.277582,Uwekahuna Bluff Hawaii,IRISDMC,2024-07-02T14:17:25Z,2024-07-02T14:17:57Z,48640
CAPELLA_C10_SP_CPHD_HH_20240702141725_20240702141758,32.4,HV,RIMD,19.395368,-155.273643,Caldera Rim Hawaii Digital,IRISDMC,2024-07-02T14:17:25Z,2024-07-02T14:17:57Z,25600
CAPELLA_C10_SP_CPHD_HH_20240702141725_20240702141758,32.4,HV,KKO,19.398242,-155.266032,Keanakakoi Crater,IRISDMC,2024-07-02T14:17:25Z,2024-07-02T14:17:57Z,23552
CAPELLA_C10_SP_CPHD_HH_20240702141725_20240702141758,32.4,HV,UWE,19.420972,-155.291162,Uwekahuna Vault Hawaii,IRISDMC,2024-07-02T14:17:25Z,2024-07-02T14:17:57Z,22016
CAPELLA_C10_SP_CPHD_HH_20240702141725_20240702141758,32.4,HV,SDH,19.390003,-155.293995,Sand Hill,IRISDMC,2024-07-02T14:17:25Z,2024-07-02T14:17:57Z,15360
CAPELLA_C10_SP_CPHD_HH_20240702141725_20240702141758,32.4,HV,OTLD,19.386532,-155.281715,Outlet Digital,IRISDMC,2024-07-02T14:17:25Z,2024-07-02T14:17:57Z,14336
CAPELLA_C10_SP_CPHD_HH_20240702141725_20240702141758,32.4,HV,WRM,19.406623,-155.300005,West Rim Hawaii Digital,IRISDMC,2024-07-02T14:17:25Z,2024-07-02T14:17:57Z,12800
CAPELLA_C15_SP_CPHD_HH_20240820012719_20240820012752,32.2,CN,FRB,63.7469,-68.5451,"Iqaluit, NU, CA",IRISDMC,2024-08-20T01:27:51Z,2024-08-20T01:28:23Z,43008
CAPELLA_C10_SP_CPHD_HH_20240711114052_20240711114124,32.0,HV,UWB,19.42476,-155.277582,Uwekahuna Bluff Hawaii,IRISDMC,2024-07-11T11:40:52Z,2024-07-11T11:41:23Z,47616
CAPELLA_C10_SP_CPHD_HH_20240711114052_20240711114124,32.0,HV,RIMD,19.395368,-155.273643,Caldera Rim Hawaii Digital,IRISDMC,2024-07-11T11:40:52Z,2024-07-11T11:41:23Z,28160
CAPELLA_C10_SP_CPHD_HH_20240711114052_20240711114124,32.0,HV,KKO,19.398242,-155.266032,Keanakakoi Crater,IRISDMC,2024-07-11T11:40:52Z,2024-07-11T11:41:23Z,24576
CAPELLA_C10_SP_CPHD_HH_20240711114052_20240711114124,32.0,HV,UWE,19.420972,-155.291162,Uwekahuna Vault Hawaii,IRISDMC,2024-07-11T11:40:52Z,2024-07-11T11:41:23Z,23040
CAPELLA_C10_SP_CPHD_HH_20240711114052_20240711114124,32.0,HV,WRM,19.406623,-155.300005,West Rim Hawaii Digital,IRISDMC,2024-07-11T11:40:52Z,2024-07-11T11:41:23Z,20480
CAPELLA_C10_SP_CPHD_HH_20240711114052_20240711114124,32.0,HV,OTLD,19.386532,-155.281715,Outlet Digital,IRISDMC,2024-07-11T11:40:52Z,2024-07-11T11:41:23Z,14336
CAPELLA_C10_SP_CPHD_HH_20240711114052_20240711114124,32.0,HV,SDH,19.390003,-155.293995,Sand Hill,IRISDMC,2024-07-11T11:40:52Z,2024-07-11T11:41:23Z,14336
CAPELLA_C11_SP_CPHD_HH_20241125040648_20241125040720,32.0,AU,NIUE,-19.0763,-169.9272,"Niue Island, Niue",IRISDMC,2024-11-25T04:07:21Z,2024-11-25T04:07:53Z,7168
CAPELLA_C10_SP_CPHD_HH_20240709202225_20240709202256,31.6,HV,UWB,19.42476,-155.277582,Uwekahuna Bluff Hawaii,IRISDMC,2024-07-09T20:22:25Z,2024-07-09T20:22:56Z,46592
CAPELLA_C10_SP_CPHD_HH_20240709202225_20240709202256,31.6,HV,RIMD,19.395368,-155.273643,Caldera Rim Hawaii Digital,IRISDMC,2024-07-09T20:22:25Z,2024-07-09T20:22:56Z,29184
CAPELLA_C10_SP_CPHD_HH_20240709202225_20240709202256,31.6,HV,KKO,19.398242,-155.266032,Keanakakoi Crater,IRISDMC,2024-07-09T20:22:25Z,2024-07-09T20:22:56Z,28160
CAPELLA_C10_SP_CPHD_HH_20240709202225_20240709202256,31.6,HV,UWE,19.420972,-155.291162,Uwekahuna Vault Hawaii,IRISDMC,2024-07-09T20:22:25Z,2024-07-09T20:22:56Z,25088
CAPELLA_C10_SP_CPHD_HH_20240709202225_20240709202256,31.6,HV,OTLD,19.386532,-155.281715,Outlet Digital,IRISDMC,2024-07-09T20:22:25Z,2024-07-09T20:22:56Z,17408
CAPELLA_C10_SP_CPHD_HH_20240709202225_20240709202256,31.6,HV,BYL,19.412087,-155.259877,Byron's Ledge,IRISDMC,2024-07-09T20:22:25Z,2024-07-09T20:22:56Z,14336
CAPELLA_C10_SP_CPHD_HH_20240709202225_20240709202256,31.6,HV,SDH,19.390003,-155.293995,Sand Hill,IRISDMC,2024-07-09T20:22:25Z,2024-07-09T20:22:56Z,14336
CAPELLA_C10_SP_CPHD_HH_20240709202225_20240709202256,31.6,HV,WRM,19.406623,-155.300005,West Rim Hawaii Digital,IRISDMC,2024-07-09T20:22:25Z,2024-07-09T20:22:56Z,14336
CAPELLA_C10_SP_CPHD_HH_20240619050651_20240619050722,31.3,HV,RIMD,19.395368,-155.273643,Caldera Rim Hawaii Digital,IRISDMC,2024-06-19T05:06:51Z,2024-06-19T05:07:22Z,25600
CAPELLA_C10_SP_CPHD_HH_20240619050651_20240619050722,31.3,HV,KKO,19.398242,-155.266032,Keanakakoi Crater,IRISDMC,2024-06-19T05:06:51Z,2024-06-19T05:07:22Z,24576
CAPELLA_C10_SP_CPHD_HH_20240619050651_20240619050722,31.3,HV,UWE,19.420972,-155.291162,Uwekahuna Vault Hawaii,IRISDMC,2024-06-19T05:06:51Z,2024-06-19T05:07:22Z,23552
CAPELLA_C10_SP_CPHD_HH_20240619050651_20240619050722,31.3,HV,SDH,19.390003,-155.293995,Sand Hill,IRISDMC,2024-06-19T05:06:51Z,2024-06-19T05:07:22Z,15872
CAPELLA_C10_SP_CPHD_HH_20240619050651_20240619050722,31.3,HV,OTLD,19.386532,-155.281715,Outlet Digital,IRISDMC,2024-06-19T05:06:51Z,2024-06-19T05:07:22Z,15360
CAPELLA_C10_SP_CPHD_HH_20240619050651_20240619050722,31.3,HV,WRM,19.406623,-155.300005,West Rim Hawaii Digital,IRISDMC,2024-06-19T05:06:51Z,2024-06-19T05:07:22Z,13824
CAPELLA_C10_SP_CPHD_HH_20240619050651_20240619050722,31.3,HV,UWB,19.42476,-155.277582,Uwekahuna Bluff Hawaii,IRISDMC,2024-06-19T05:06:51Z,2024-06-19T05:07:22Z,12288
CAPELLA_C10_SP_CPHD_HH_20240720154849_20240720154920,30.9,HV,UWB,19.42476,-155.277582,Uwekahuna Bluff Hawaii,IRISDMC,2024-07-20T15:48:49Z,2024-07-20T15:49:19Z,46080
CAPELLA_C10_SP_CPHD_HH_20240720154849_20240720154920,30.9,HV,RIMD,19.395368,-155.273643,Caldera Rim Hawaii Digital,IRISDMC,2024-07-20T15:48:49Z,2024-07-20T15:49:19Z,22528
CAPELLA_C10_SP_CPHD_HH_20240720154849_20240720154920,30.9,HV,KKO,19.398242,-155.266032,Keanakakoi Crater,IRISDMC,2024-07-20T15:48:49Z,2024-07-20T15:49:19Z,22016
CAPELLA_C10_SP_CPHD_HH_20240720154849_20240720154920,30.9,HV,UWE,19.420972,-155.291162,Uwekahuna Vault Hawaii,IRISDMC,2024-07-20T15:48:49Z,2024-07-20T15:49:19Z,21504
CAPELLA_C10_SP_CPHD_HH_20240720154849_20240720154920,30.9,HV,WRM,19.406623,-155.300005,West Rim Hawaii Digital,IRISDMC,2024-07-20T15:48:49Z,2024-07-20T15:49:19Z,20992
CAPELLA_C10_SP_CPHD_HH_20240720154849_20240720154920,30.9,HV,BYL,19.412087,-155.259877,Byron's Ledge,IRISDMC,2024-07-20T15:48:49Z,2024-07-20T15:49:19Z,19968
CAPELLA_C10_SP_CPHD_HH_20240720154849_20240720154920,30.9,HV,SDH,19.390003,-155.293995,Sand Hill,IRISDMC,2024-07-20T15:48:49Z,2024-07-20T15:49:19Z,15360
CAPELLA_C10_SP_CPHD_HH_20240720154849_20240720154920,30.9,HV,OTLD,19.386532,-155.281715,Outlet Digital,IRISDMC,2024-07-20T15:48:49Z,2024-07-20T15:49:19Z,13312
CAPELLA_C09_SP_CPHD_HH_20240716090023_20240716090053,30.5,HV,UWB,19.42476,-155.277582,Uwekahuna Bluff Hawaii,IRISDMC,2024-07-16T09:00:22Z,2024-07-16T09:00:52Z,45568
CAPELLA_C11_SP_CPHD_HH_20241121042705_20241121042736,30.5,IU,RAR,-21.2125,-159.7733,"Rarotonga, Cook Islands",IRISDMC,2024-11-21T04:27:36Z,2024-11-21T04:28:06Z,35328
CAPELLA_C09_SP_CPHD_HH_20240716090023_20240716090053,30.5,HV,UWE,19.420972,-155.291162,Uwekahuna Vault Hawaii,IRISDMC,2024-07-16T09:00:22Z,2024-07-16T09:00:52Z,27136
CAPELLA_C09_SP_CPHD_HH_20240716090023_20240716090053,30.5,HV,KKO,19.398242,-155.266032,Keanakakoi Crater,IRISDMC,2024-07-16T09:00:22Z,2024-07-16T09:00:52Z,26112
CAPELLA_C09_SP_CPHD_HH_20240716090023_20240716090053,30.5,HV,WRM,19.406623,-155.300005,West Rim Hawaii Digital,IRISDMC,2024-07-16T09:00:22Z,2024-07-16T09:00:52Z,24576
CAPELLA_C09_SP_CPHD_HH_20240716090023_20240716090053,30.5,HV,RIMD,19.395368,-155.273643,Caldera Rim Hawaii Digital,IRISDMC,2024-07-16T09:00:22Z,2024-07-16T09:00:52Z,23040
CAPELLA_C09_SP_CPHD_HH_20240716090023_20240716090053,30.5,HV,SDH,19.390003,-155.293995,Sand Hill,IRISDMC,2024-07-16T09:00:22Z,2024-07-16T09:00:52Z,17408
CAPELLA_C09_SP_CPHD_HH_20240716090023_20240716090053,30.5,HV,OTLD,19.386532,-155.281715,Outlet Digital,IRISDMC,2024-07-16T09:00:22Z,2024-07-16T09:00:52Z,15360
CAPELLA_C10_SP_CPHD_HH_20240803004650_20240803004720,30.4,BK,ORV,39.554508,-121.500359,"Oroville Dam, Oroville, CA, USA",NCEDC,2024-08-03T00:46:51Z,2024-08-03T00:47:21Z,167936
CAPELLA_C10_SP_CPHD_HH_20240609091921_20240609091951,30.0,HV,RIMD,19.395368,-155.273643,Caldera Rim Hawaii Digital,IRISDMC,2024-06-09T09:19:21Z,2024-06-09T09:19:50Z,24576
CAPELLA_C10_SP_CPHD_HH_20240609091921_20240609091951,30.0,HV,KKO,19.398242,-155.266032,Keanakakoi Crater,IRISDMC,2024-06-09T09:19:21Z,2024-06-09T09:19:50Z,22528
CAPELLA_C10_SP_CPHD_HH_20240609091921_20240609091951,30.0,HV,UWE,19.420972,-155.291162,Uwekahuna Vault Hawaii,IRISDMC,2024-06-09T09:19:21Z,2024-06-09T09:19:50Z,22528
CAPELLA_C10_SP_CPHD_HH_20240609091921_20240609091951,30.0,HV,WRM,19.406623,-155.300005,West Rim Hawaii Digital,IRISDMC,2024-06-09T09:19:21Z,2024-06-09T09:19:50Z,14336
CAPELLA_C10_SP_CPHD_HH_20240609091921_20240609091951,30.0,HV,SDH,19.390003,-155.293995,Sand Hill,IRISDMC,2024-06-09T09:19:21Z,2024-06-09T09:19:50Z,13824
CAPELLA_C10_SP_CPHD_HH_20240609091921_20240609091951,30.0,HV,OTLD,19.386532,-155.281715,Outlet Digital,IRISDMC,2024-06-09T09:19:21Z,2024-06-09T09:19:50Z,13312
CAPELLA_C10_SP_CPHD_HH_20240609091921_20240609091951,30.0,HV,UWB,19.42476,-155.277582,Uwekahuna Bluff Hawaii,IRISDMC,2024-06-09T09:19:21Z,2024-06-09T09:19:50Z,11776
CAPELLA_C10_SP_CPHD_HH_20240627162715_20240627162745,29.9,HV,RIMD,19.395368,-155.273643,Caldera Rim Hawaii Digital,IRISDMC,2024-06-27T16:27:15Z,2024-06-27T16:27:44Z,24064
CAPELLA_C10_SP_CPHD_HH_20240627162715_20240627162745,29.9,HV,UWE,19.420972,-155.291162,Uwekahuna Vault Hawaii,IRISDMC,2024-06-27T16:27:15Z,2024-06-27T16:27:44Z,22528
CAPELLA_C10_SP_CPHD_HH_20240627162715_20240627162745,29.9,HV,KKO,19.398242,-155.266032,Keanakakoi Crater,IRISDMC,2024-06-27T16:27:15Z,2024-06-27T16:27:44Z,18944
CAPELLA_C10_SP_CPHD_HH_20240627162715_20240627162745,29.9,HV,OTLD,19.386532,-155.281715,Outlet Digital,IRISDMC,2024-06-27T16:27:15Z,2024-06-27T16:27:44Z,14336
CAPELLA_C10_SP_CPHD_HH_20240627162715_20240627162745,29.9,HV,SDH,19.390003,-155.293995,Sand Hill,IRISDMC,2024-06-27T16:27:15Z,2024-06-27T16:27:44Z,14336
CAPELLA_C10_SP_CPHD_HH_20240627162715_20240627162745,29.9,HV,WRM,19.406623,-155.300005,West Rim Hawaii Digital,IRISDMC,2024-06-27T16:27:15Z,2024-06-27T16:27:44Z,12800
CAPELLA_C10_SP_CPHD_HH_20240627162715_20240627162745,29.9,HV,UWB,19.42476,-155.277582,Uwekahuna Bluff Hawaii,IRISDMC,2024-06-27T16:27:15Z,2024-06-27T16:27:44Z,11776
CAPELLA_C10_SP_CPHD_HH_20240612090414_20240612090444,29.8,HV,RIMD,19.395368,-155.273643,Caldera Rim Hawaii Digital,IRISDMC,2024-06-12T09:04:14Z,2024-06-12T09:04:43Z,25088
CAPELLA_C10_SP_CPHD_HH_20240612090414_20240612090444,29.8,HV,UWE,19.420972,-155.291162,Uwekahuna Vault Hawaii,IRISDMC,2024-06-12T09:04:14Z,2024-06-12T09:04:43Z,19968
CAPELLA_C10_SP_CPHD_HH_20240612090414_20240612090444,29.8,HV,KKO,19.398242,-155.266032,Keanakakoi Crater,IRISDMC,2024-06-12T09:04:14Z,2024-06-12T09:04:43Z,18944
CAPELLA_C10_SP_CPHD_HH_20240612090414_20240612090444,29.8,HV,OTLD,19.386532,-155.281715,Outlet Digital,IRISDMC,2024-06-12T09:04:14Z,2024-06-12T09:04:43Z,13824
CAPELLA_C10_SP_CPHD_HH_20240612090414_20240612090444,29.8,HV,WRM,19.406623,-155.300005,West Rim Hawaii Digital,IRISDMC,2024-06-12T09:04:14Z,2024-06-12T09:04:43Z,13312
CAPELLA_C10_SP_CPHD_HH_20240612090414_20240612090444,29.8,HV,HAT,19.423037,-155.26094,Halemaumau Trail,IRISDMC,2024-06-12T09:04:14Z,2024-06-12T09:04:43Z,12288
CAPELLA_C10_SP_CPHD_HH_20240612090414_20240612090444,29.8,HV,UWB,19.42476,-155.277582,Uwekahuna Bluff Hawaii,IRISDMC,2024-06-12T09:04:14Z,2024-06-12T09:04:43Z,10240
CAPELLA_C10_SP_CPHD_HH_20240612090414_20240612090444,29.8,HV,SBL,19.427078,-155.267682,Steam Bluff Hawaii,IRISDMC,2024-06-12T09:04:14Z,2024-06-12T09:04:43Z,7680
CAPELLA_C09_SP_CPHD_HH_20240714174801_20240714174831,29.5,HV,UWB,19.42476,-155.277582,Uwekahuna Bluff Hawaii,IRISDMC,2024-07-14T17:48:01Z,2024-07-14T17:48:30Z,44544
CAPELLA_C09_SP_CPHD_HH_20240714174801_20240714174831,29.5,HV,BYL,19.412087,-155.259877,Byron's Ledge,IRISDMC,2024-07-14T17:48:01Z,2024-07-14T17:48:30Z,41472
CAPELLA_C09_SP_CPHD_HH_20240714174801_20240714174831,29.5,HV,RIMD,19.395368,-155.273643,Caldera Rim Hawaii Digital,IRISDMC,2024-07-14T17:48:01Z,2024-07-14T17:48:30Z,27648
CAPELLA_C09_SP_CPHD_HH_20240714174801_20240714174831,29.5,HV,WRM,19.406623,-155.300005,West Rim Hawaii Digital,IRISDMC,2024-07-14T17:48:01Z,2024-07-14T17:48:30Z,27648
CAPELLA_C09_SP_CPHD_HH_20240714174801_20240714174831,29.5,HV,KKO,19.398242,-155.266032,Keanakakoi Crater,IRISDMC,2024-07-14T17:48:01Z,2024-07-14T17:48:30Z,26624
CAPELLA_C09_SP_CPHD_HH_20240605112941_20240605113010,29.5,HV,KKO,19.398242,-155.266032,Keanakakoi Crater,IRISDMC,2024-06-05T11:29:41Z,2024-06-05T11:30:10Z,24576
CAPELLA_C09_SP_CPHD_HH_20240714174801_20240714174831,29.5,HV,UWE,19.420972,-155.291162,Uwekahuna Vault Hawaii,IRISDMC,2024-07-14T17:48:01Z,2024-07-14T17:48:30Z,24576
CAPELLA_C09_SP_CPHD_HH_20240605112941_20240605113010,29.5,HV,UWE,19.420972,-155.291162,Uwekahuna Vault Hawaii,IRISDMC,2024-06-05T11:29:41Z,2024-06-05T11:30:10Z,22016
CAPELLA_C09_SP_CPHD_HH_20240605112941_20240605113010,29.5,HV,RIMD,19.395368,-155.273643,Caldera Rim Hawaii Digital,IRISDMC,2024-06-05T11:29:41Z,2024-06-05T11:30:10Z,20992
CAPELLA_C09_SP_CPHD_HH_20240714174801_20240714174831,29.5,HV,OTLD,19.386532,-155.281715,Outlet Digital,IRISDMC,2024-07-14T17:48:01Z,2024-07-14T17:48:30Z,18432
CAPELLA_C09_SP_CPHD_HH_20240714174801_20240714174831,29.5,HV,SDH,19.390003,-155.293995,Sand Hill,IRISDMC,2024-07-14T17:48:01Z,2024-07-14T17:48:30Z,18432
CAPELLA_C09_SP_CPHD_HH_20240605112941_20240605113010,29.5,HV,SDH,19.390003,-155.293995,Sand Hill,IRISDMC,2024-06-05T11:29:41Z,2024-06-05T11:30:10Z,14848
CAPELLA_C09_SP_CPHD_HH_20240605112941_20240605113010,29.5,HV,OTLD,19.386532,-155.281715,Outlet Digital,IRISDMC,2024-06-05T11:29:41Z,2024-06-05T11:30:10Z,14336
CAPELLA_C09_SP_CPHD_HH_20240605112941_20240605113010,29.5,HV,WRM,19.406623,-155.300005,West Rim Hawaii Digital,IRISDMC,2024-06-05T11:29:41Z,2024-06-05T11:30:10Z,13824
CAPELLA_C09_SP_CPHD_HH_20240605112941_20240605113010,29.5,HV,UWB,19.42476,-155.277582,Uwekahuna Bluff Hawaii,IRISDMC,2024-06-05T11:29:41Z,2024-06-05T11:30:10Z,11776
CAPELLA_C10_SP_CPHD_HH_20240713094741_20240713094811,29.3,HV,UWB,19.42476,-155.277582,Uwekahuna Bluff Hawaii,IRISDMC,2024-07-13T09:47:42Z,2024-07-13T09:48:11Z,44032
CAPELLA_C10_SP_CPHD_HH_20240713094741_20240713094811,29.3,HV,RIMD,19.395368,-155.273643,Caldera Rim Hawaii Digital,IRISDMC,2024-07-13T09:47:42Z,2024-07-13T09:48:11Z,28672
CAPELLA_C10_SP_CPHD_HH_20240713094741_20240713094811,29.3,HV,KKO,19.398242,-155.266032,Keanakakoi Crater,IRISDMC,2024-07-13T09:47:42Z,2024-07-13T09:48:11Z,26624
CAPELLA_C10_SP_CPHD_HH_20240713094741_20240713094811,29.3,HV,UWE,19.420972,-155.291162,Uwekahuna Vault Hawaii,IRISDMC,2024-07-13T09:47:42Z,2024-07-13T09:48:11Z,24576
CAPELLA_C10_SP_CPHD_HH_20240713094741_20240713094811,29.3,HV,WRM,19.406623,-155.300005,West Rim Hawaii Digital,IRISDMC,2024-07-13T09:47:42Z,2024-07-13T09:48:11Z,24064
CAPELLA_C10_SP_CPHD_HH_20240713094741_20240713094811,29.3,HV,OTLD,19.386532,-155.281715,Outlet Digital,IRISDMC,2024-07-13T09:47:42Z,2024-07-13T09:48:11Z,16384
CAPELLA_C10_SP_CPHD_HH_20240713094741_20240713094811,29.3,HV,SDH,19.390003,-155.293995,Sand Hill,IRISDMC,2024-07-13T09:47:42Z,2024-07-13T09:48:11Z,13312
CAPELLA_C14_SP_CPHD_HH_20240709040329_20240709040358,29.1,IV,ECNE,37.7653,15.0018,ECNE,INGV,2024-07-09T04:03:57Z,2024-07-09T04:04:26Z,29696
CAPELLA_C14_SP_CPHD_HH_20240709040329_20240709040358,29.1,IV,EBCN,37.752,14.9858,Etna Bocca Nuova,INGV,2024-07-09T04:03:57Z,2024-07-09T04:04:26Z,27648
CAPELLA_C14_SP_CPHD_HH_20240709040329_20240709040358,29.1,IV,EPLC,37.7651,14.9857,Etna Punta Lucia,INGV,2024-07-09T04:03:57Z,2024-07-09T04:04:26Z,26112
CAPELLA_C14_SP_CPHD_HH_20240709040329_20240709040358,29.1,IV,ECPN,37.7437,14.9865,Etna Cratere del Piano,INGV,2024-07-09T04:03:57Z,2024-07-09T04:04:26Z,22528
CAPELLA_C09_SP_CPHD_HH_20240614221859_20240614221928,29.0,HV,RIMD,19.395368,-155.273643,Caldera Rim Hawaii Digital,IRISDMC,2024-06-14T22:18:59Z,2024-06-14T22:19:27Z,24064
CAPELLA_C09_SP_CPHD_HH_20240614221859_20240614221928,29.0,HV,KKO,19.398242,-155.266032,Keanakakoi Crater,IRISDMC,2024-06-14T22:18:59Z,2024-06-14T22:19:27Z,23040
CAPELLA_C09_SP_CPHD_HH_20240614221859_20240614221928,29.0,HV,UWE,19.420972,-155.291162,Uwekahuna Vault Hawaii,IRISDMC,2024-06-14T22:18:59Z,2024-06-14T22:19:27Z,21504
CAPELLA_C09_SP_CPHD_HH_20240614221859_20240614221928,29.0,HV,WRM,19.406623,-155.300005,West Rim Hawaii Digital,IRISDMC,2024-06-14T22:18:59Z,2024-06-14T22:19:27Z,16384
CAPELLA_C09_SP_CPHD_HH_20240614221859_20240614221928,29.0,HV,OTLD,19.386532,-155.281715,Outlet Digital,IRISDMC,2024-06-14T22:18:59Z,2024-06-14T22:19:27Z,14848
CAPELLA_C09_SP_CPHD_HH_20240614221859_20240614221928,29.0,HV,SDH,19.390003,-155.293995,Sand Hill,IRISDMC,2024-06-14T22:18:59Z,2024-06-14T22:19:27Z,14848
CAPELLA_C09_SP_CPHD_HH_20240614221859_20240614221928,29.0,HV,UWB,19.42476,-155.277582,Uwekahuna Bluff Hawaii,IRISDMC,2024-06-14T22:18:59Z,2024-06-14T22:19:27Z,11264
CAPELLA_C14_SP_CPHD_HH_20240623052958_20240623053027,28.8,HV,RIMD,19.395368,-155.273643,Caldera Rim Hawaii Digital,IRISDMC,2024-06-23T05:30:27Z,2024-06-23T05:30:55Z,23040
CAPELLA_C14_SP_CPHD_HH_20240620064136_20240620064205,28.8,HV,RIMD,19.395368,-155.273643,Caldera Rim Hawaii Digital,IRISDMC,2024-06-20T06:42:05Z,2024-06-20T06:42:33Z,21504
CAPELLA_C14_SP_CPHD_HH_20240617075329_20240617075357,28.8,HV,UWE,19.420972,-155.291162,Uwekahuna Vault Hawaii,IRISDMC,2024-06-17T07:53:57Z,2024-06-17T07:54:25Z,19968
CAPELLA_C14_SP_CPHD_HH_20240623052958_20240623053027,28.8,HV,KKO,19.398242,-155.266032,Keanakakoi Crater,IRISDMC,2024-06-23T05:30:27Z,2024-06-23T05:30:55Z,19968
CAPELLA_C14_SP_CPHD_HH_20240617075329_20240617075357,28.8,HV,RIMD,19.395368,-155.273643,Caldera Rim Hawaii Digital,IRISDMC,2024-06-17T07:53:57Z,2024-06-17T07:54:25Z,19456
CAPELLA_C14_SP_CPHD_HH_20240620064136_20240620064205,28.8,HV,UWE,19.420972,-155.291162,Uwekahuna Vault Hawaii,IRISDMC,2024-06-20T06:42:05Z,2024-06-20T06:42:33Z,19456
CAPELLA_C14_SP_CPHD_HH_20240623052958_20240623053027,28.8,HV,UWE,19.420972,-155.291162,Uwekahuna Vault Hawaii,IRISDMC,2024-06-23T05:30:27Z,2024-06-23T05:30:55Z,18944
CAPELLA_C14_SP_CPHD_HH_20240617075329_20240617075357,28.8,HV,KKO,19.398242,-155.266032,Keanakakoi Crater,IRISDMC,2024-06-17T07:53:57Z,2024-06-17T07:54:25Z,18432
CAPELLA_C14_SP_CPHD_HH_20240620064136_20240620064205,28.8,HV,KKO,19.398242,-155.266032,Keanakakoi Crater,IRISDMC,2024-06-20T06:42:05Z,2024-06-20T06:42:33Z,18432
CAPELLA_C14_SP_CPHD_HH_20240620064136_20240620064205,28.8,HV,SDH,19.390003,-155.293995,Sand Hill,IRISDMC,2024-06-20T06:42:05Z,2024-06-20T06:42:33Z,13312
CAPELLA_C14_SP_CPHD_HH_20240623052958_20240623053027,28.8,HV,OTLD,19.386532,-155.281715,Outlet Digital,IRISDMC,2024-06-23T05:30:27Z,2024-06-23T05:30:55Z,13312
CAPELLA_C14_SP_CPHD_HH_20240617075329_20240617075357,28.8,HV,SDH,19.390003,-155.293995,Sand Hill,IRISDMC,2024-06-17T07:53:57Z,2024-06-17T07:54:25Z,12800
CAPELLA_C14_SP_CPHD_HH_20240623052958_20240623053027,28.8,HV,SDH,19.390003,-155.293995,Sand Hill,IRISDMC,2024-06-23T05:30:27Z,2024-06-23T05:30:55Z,12800
CAPELLA_C14_SP_CPHD_HH_20240620064136_20240620064205,28.8,HV,OTLD,19.386532,-155.281715,Outlet Digital,IRISDMC,2024-06-20T06:42:05Z,2024-06-20T06:42:33Z,12288
CAPELLA_C14_SP_CPHD_HH_20240620064136_20240620064205,28.8,HV,WRM,19.406623,-155.300005,West Rim Hawaii Digital,IRISDMC,2024-06-20T06:42:05Z,2024-06-20T06:42:33Z,12288
CAPELLA_C14_SP_CPHD_HH_20240623052958_20240623053027,28.8,HV,WRM,19.406623,-155.300005,West Rim Hawaii Digital,IRISDMC,2024-06-23T05:30:27Z,2024-06-23T05:30:55Z,11776
CAPELLA_C14_SP_CPHD_HH_20240617075329_20240617075357,28.8,HV,WRM,19.406623,-155.300005,West Rim Hawaii Digital,IRISDMC,2024-06-17T07:53:57Z,2024-06-17T07:54:25Z,11264
CAPELLA_C14_SP_CPHD_HH_20240617075329_20240617075357,28.8,HV,OTLD,19.386532,-155.281715,Outlet Digital,IRISDMC,2024-06-17T07:53:57Z,2024-06-17T07:54:25Z,10752
CAPELLA_C14_SP_CPHD_HH_20240620064136_20240620064205,28.8,HV,UWB,19.42476,-155.277582,Uwekahuna Bluff Hawaii,IRISDMC,2024-06-20T06:42:05Z,2024-06-20T06:42:33Z,10752
CAPELLA_C14_SP_CPHD_HH_20240623052958_20240623053027,28.8,HV,UWB,19.42476,-155.277582,Uwekahuna Bluff Hawaii,IRISDMC,2024-06-23T05:30:27Z,2024-06-23T05:30:55Z,10752
CAPELLA_C14_SP_CPHD_HH_20240617075329_20240617075357,28.8,HV,UWB,19.42476,-155.277582,Uwekahuna Bluff Hawaii,IRISDMC,2024-06-17T07:53:57Z,2024-06-17T07:54:25Z,10240
CAPELLA_C14_SP_CPHD_HH_20240626041819_20240626041848,28.7,HV,UWE,19.420972,-155.291162,Uwekahuna Vault Hawaii,IRISDMC,2024-06-26T04:18:48Z,2024-06-26T04:19:16Z,25600
CAPELLA_C14_SP_CPHD_HH_20240614090521_20240614090549,28.7,HV,RIMD,19.395368,-155.273643,Caldera Rim Hawaii Digital,IRISDMC,2024-06-14T09:05:49Z,2024-06-14T09:06:17Z,23552
CAPELLA_C14_SP_CPHD_HH_20240614090521_20240614090549,28.7,HV,KKO,19.398242,-155.266032,Keanakakoi Crater,IRISDMC,2024-06-14T09:05:49Z,2024-06-14T09:06:17Z,21504
CAPELLA_C14_SP_CPHD_HH_20240614090521_20240614090549,28.7,HV,UWE,19.420972,-155.291162,Uwekahuna Vault Hawaii,IRISDMC,2024-06-14T09:05:49Z,2024-06-14T09:06:17Z,20480
CAPELLA_C14_SP_CPHD_HH_20240626041819_20240626041848,28.7,HV,RIMD,19.395368,-155.273643,Caldera Rim Hawaii Digital,IRISDMC,2024-06-26T04:18:48Z,2024-06-26T04:19:16Z,19968
CAPELLA_C14_SP_CPHD_HH_20240626041819_20240626041848,28.7,HV,KKO,19.398242,-155.266032,Keanakakoi Crater,IRISDMC,2024-06-26T04:18:48Z,2024-06-26T04:19:16Z,19456
CAPELLA_C14_SP_CPHD_HH_20240614090521_20240614090549,28.7,HV,WRM,19.406623,-155.300005,West Rim Hawaii Digital,IRISDMC,2024-06-14T09:05:49Z,2024-06-14T09:06:17Z,15360
CAPELLA_C14_SP_CPHD_HH_20240626041819_20240626041848,28.7,HV,BYL,19.412087,-155.259877,Byron's Ledge,IRISDMC,2024-06-26T04:18:48Z,2024-06-26T04:19:16Z,13824
CAPELLA_C14_SP_CPHD_HH_20240614090521_20240614090549,28.7,HV,OTLD,19.386532,-155.281715,Outlet Digital,IRISDMC,2024-06-14T09:05:49Z,2024-06-14T09:06:17Z,13312
CAPELLA_C14_SP_CPHD_HH_20240614090521_20240614090549,28.7,HV,SDH,19.390003,-155.293995,Sand Hill,IRISDMC,2024-06-14T09:05:49Z,2024-06-14T09:06:17Z,12800
CAPELLA_C14_SP_CPHD_HH_20240626041819_20240626041848,28.7,HV,SDH,19.390003,-155.293995,Sand Hill,IRISDMC,2024-06-26T04:18:48Z,2024-06-26T04:19:16Z,12800
CAPELLA_C14_SP_CPHD_HH_20240626041819_20240626041848,28.7,HV,OTLD,19.386532,-155.281715,Outlet Digital,IRISDMC,2024-06-26T04:18:48Z,2024-06-26T04:19:16Z,11776
CAPELLA_C14_SP_CPHD_HH_20240626041819_20240626041848,28.7,HV,WRM,19.406623,-155.300005,West Rim Hawaii Digital,IRISDMC,2024-06-26T04:18:48Z,2024-06-26T04:19:16Z,11776
CAPELLA_C14_SP_CPHD_HH_20240626041819_20240626041848,28.7,HV,UWB,19.42476,-155.277582,Uwekahuna Bluff Hawaii,IRISDMC,2024-06-26T04:18:48Z,2024-06-26T04:19:16Z,9728
CAPELLA_C14_SP_CPHD_HH_20240626041819_20240626041848,28.7,HV,SBL,19.427078,-155.267682,Steam Bluff Hawaii,IRISDMC,2024-06-26T04:18:48Z,2024-06-26T04:19:16Z,7680
CAPELLA_C14_SP_CPHD_HH_20240703155839_20240703155908,28.3,HV,UWB,19.42476,-155.277582,Uwekahuna Bluff Hawaii,IRISDMC,2024-07-03T15:59:08Z,2024-07-03T15:59:36Z,42496
CAPELLA_C09_SP_CPHD_HH_20240620194700_20240620194728,28.3,HV,KKO,19.398242,-155.266032,Keanakakoi Crater,IRISDMC,2024-06-20T19:47:00Z,2024-06-20T19:47:28Z,24064
CAPELLA_C09_SP_CPHD_HH_20240620194700_20240620194728,28.3,HV,RIMD,19.395368,-155.273643,Caldera Rim Hawaii Digital,IRISDMC,2024-06-20T19:47:00Z,2024-06-20T19:47:28Z,23040
CAPELLA_C09_SP_CPHD_HH_20240620194700_20240620194728,28.3,HV,UWE,19.420972,-155.291162,Uwekahuna Vault Hawaii,IRISDMC,2024-06-20T19:47:00Z,2024-06-20T19:47:28Z,23040
CAPELLA_C14_SP_CPHD_HH_20240703155839_20240703155908,28.3,HV,UWE,19.420972,-155.291162,Uwekahuna Vault Hawaii,IRISDMC,2024-07-03T15:59:08Z,2024-07-03T15:59:36Z,19456
CAPELLA_C14_SP_CPHD_HH_20240703155839_20240703155908,28.3,HV,RIMD,19.395368,-155.273643,Caldera Rim Hawaii Digital,IRISDMC,2024-07-03T15:59:08Z,2024-07-03T15:59:36Z,17920
CAPELLA_C14_SP_CPHD_HH_20240703155839_20240703155908,28.3,HV,KKO,19.398242,-155.266032,Keanakakoi Crater,IRISDMC,2024-07-03T15:59:08Z,2024-07-03T15:59:36Z,17408
CAPELLA_C09_SP_CPHD_HH_20240620194700_20240620194728,28.3,HV,WRM,19.406623,-155.300005,West Rim Hawaii Digital,IRISDMC,2024-06-20T19:47:00Z,2024-06-20T19:47:28Z,13312
CAPELLA_C09_SP_CPHD_HH_20240620194700_20240620194728,28.3,HV,OTLD,19.386532,-155.281715,Outlet Digital,IRISDMC,2024-06-20T19:47:00Z,2024-06-20T19:47:28Z,12800
CAPELLA_C09_SP_CPHD_HH_20240620194700_20240620194728,28.3,HV,SDH,19.390003,-155.293995,Sand Hill,IRISDMC,2024-06-20T19:47:00Z,2024-06-20T19:47:28Z,12800
CAPELLA_C09_SP_CPHD_HH_20240620194700_20240620194728,28.3,HV,UWB,19.42476,-155.277582,Uwekahuna Bluff Hawaii,IRISDMC,2024-06-20T19:47:00Z,2024-06-20T19:47:28Z,11264
CAPELLA_C14_SP_CPHD_HH_20240703155839_20240703155908,28.3,HV,SDH,19.390003,-155.293995,Sand Hill,IRISDMC,2024-07-03T15:59:08Z,2024-07-03T15:59:36Z,10752
CAPELLA_C14_SP_CPHD_HH_20240703155839_20240703155908,28.3,HV,WRM,19.406623,-155.300005,West Rim Hawaii Digital,IRISDMC,2024-07-03T15:59:08Z,2024-07-03T15:59:36Z,10240
CAPELLA_C14_SP_CPHD_HH_20240703155839_20240703155908,28.3,HV,OTLD,19.386532,-155.281715,Outlet Digital,IRISDMC,2024-07-03T15:59:08Z,2024-07-03T15:59:36Z,9728
CAPELLA_C14_SP_CPHD_HH_20240709133511_20240709133539,28.2,HV,UWB,19.42476,-155.277582,Uwekahuna Bluff Hawaii,IRISDMC,2024-07-09T13:35:39Z,2024-07-09T13:36:07Z,43520
CAPELLA_C14_SP_CPHD_HH_20240630171031_20240630171100,28.2,HV,UWB,19.42476,-155.277582,Uwekahuna Bluff Hawaii,IRISDMC,2024-06-30T17:10:59Z,2024-06-30T17:11:27Z,43008
CAPELLA_C14_SP_CPHD_HH_20240712122324_20240712122353,28.2,HV,UWB,19.42476,-155.277582,Uwekahuna Bluff Hawaii,IRISDMC,2024-07-12T12:23:53Z,2024-07-12T12:24:21Z,43008
CAPELLA_C14_SP_CPHD_HH_20240715111140_20240715111208,28.2,HV,UWB,19.42476,-155.277582,Uwekahuna Bluff Hawaii,IRISDMC,2024-07-15T11:12:08Z,2024-07-15T11:12:36Z,42496
CAPELLA_C14_SP_CPHD_HH_20240627182210_20240627182238,28.2,HV,BYL,19.412087,-155.259877,Byron's Ledge,IRISDMC,2024-06-27T18:22:39Z,2024-06-27T18:23:07Z,39936
CAPELLA_C14_SP_CPHD_HH_20240712122324_20240712122353,28.2,HV,RIMD,19.395368,-155.273643,Caldera Rim Hawaii Digital,IRISDMC,2024-07-12T12:23:53Z,2024-07-12T12:24:21Z,28160
CAPELLA_C14_SP_CPHD_HH_20240610013244_20240610013313,28.2,HV,RIMD,19.395368,-155.273643,Caldera Rim Hawaii Digital,IRISDMC,2024-06-10T01:33:13Z,2024-06-10T01:33:41Z,26624
CAPELLA_C14_SP_CPHD_HH_20240715111140_20240715111208,28.2,HV,KKO,19.398242,-155.266032,Keanakakoi Crater,IRISDMC,2024-07-15T11:12:08Z,2024-07-15T11:12:36Z,26112
CAPELLA_C14_SP_CPHD_HH_20240610013244_20240610013313,28.2,HV,KKO,19.398242,-155.266032,Keanakakoi Crater,IRISDMC,2024-06-10T01:33:13Z,2024-06-10T01:33:41Z,25600
CAPELLA_C14_SP_CPHD_HH_20240627182210_20240627182238,28.2,HV,UWE,19.420972,-155.291162,Uwekahuna Vault Hawaii,IRISDMC,2024-06-27T18:22:39Z,2024-06-27T18:23:07Z,25600
CAPELLA_C14_SP_CPHD_HH_20240604035617_20240604035645,28.2,HV,KKO,19.398242,-155.266032,Keanakakoi Crater,IRISDMC,2024-06-04T03:56:45Z,2024-06-04T03:57:13Z,25088
CAPELLA_C14_SP_CPHD_HH_20240715111140_20240715111208,28.2,HV,RIMD,19.395368,-155.273643,Caldera Rim Hawaii Digital,IRISDMC,2024-07-15T11:12:08Z,2024-07-15T11:12:36Z,24576
CAPELLA_C14_SP_CPHD_HH_20240610013244_20240610013313,28.2,HV,UWE,19.420972,-155.291162,Uwekahuna Vault Hawaii,IRISDMC,2024-06-10T01:33:13Z,2024-06-10T01:33:41Z,24064
CAPELLA_C14_SP_CPHD_HH_20240715111140_20240715111208,28.2,HV,WRM,19.406623,-155.300005,West Rim Hawaii Digital,IRISDMC,2024-07-15T11:12:08Z,2024-07-15T11:12:36Z,24064
CAPELLA_C14_SP_CPHD_HH_20240604035617_20240604035645,28.2,HV,UWE,19.420972,-155.291162,Uwekahuna Vault Hawaii,IRISDMC,2024-06-04T03:56:45Z,2024-06-04T03:57:13Z,23552
CAPELLA_C14_SP_CPHD_HH_20240604035617_20240604035645,28.2,HV,RIMD,19.395368,-155.273643,Caldera Rim Hawaii Digital,IRISDMC,2024-06-04T03:56:45Z,2024-06-04T03:57:13Z,23040
CAPELLA_C14_SP_CPHD_HH_20240709133511_20240709133539,28.2,HV,RIMD,19.395368,-155.273643,Caldera Rim Hawaii Digital,IRISDMC,2024-07-09T13:35:39Z,2024-07-09T13:36:07Z,23040
CAPELLA_C14_SP_CPHD_HH_20240627182210_20240627182238,28.2,HV,RIMD,19.395368,-155.273643,Caldera Rim Hawaii Digital,IRISDMC,2024-06-27T18:22:39Z,2024-06-27T18:23:07Z,22528
CAPELLA_C14_SP_CPHD_HH_20240715111140_20240715111208,28.2,HV,UWE,19.420972,-155.291162,Uwekahuna Vault Hawaii,IRISDMC,2024-07-15T11:12:08Z,2024-07-15T11:12:36Z,22016
CAPELLA_C14_SP_CPHD_HH_20240630171031_20240630171100,28.2,HV,UWE,19.420972,-155.291162,Uwekahuna Vault Hawaii,IRISDMC,2024-06-30T17:10:59Z,2024-06-30T17:11:27Z,20480
CAPELLA_C14_SP_CPHD_HH_20240709133511_20240709133539,28.2,HV,KKO,19.398242,-155.266032,Keanakakoi Crater,IRISDMC,2024-07-09T13:35:39Z,2024-07-09T13:36:07Z,20480
CAPELLA_C14_SP_CPHD_HH_20240627182210_20240627182238,28.2,HV,KKO,19.398242,-155.266032,Keanakakoi Crater,IRISDMC,2024-06-27T18:22:39Z,2024-06-27T18:23:07Z,19968
CAPELLA_C14_SP_CPHD_HH_20240630171031_20240630171100,28.2,HV,RIMD,19.395368,-155.273643,Caldera Rim Hawaii Digital,IRISDMC,2024-06-30T17:10:59Z,2024-06-30T17:11:27Z,19456
CAPELLA_C14_SP_CPHD_HH_20240607024429_20240607024457,28.2,HV,UWE,19.420972,-155.291162,Uwekahuna Vault Hawaii,IRISDMC,2024-06-07T02:44:57Z,2024-06-07T02:45:25Z,19456
CAPELLA_C14_SP_CPHD_HH_20240712122324_20240712122353,28.2,HV,KKO,19.398242,-155.266032,Keanakakoi Crater,IRISDMC,2024-07-12T12:23:53Z,2024-07-12T12:24:21Z,19456
CAPELLA_C14_SP_CPHD_HH_20240712122324_20240712122353,28.2,HV,UWE,19.420972,-155.291162,Uwekahuna Vault Hawaii,IRISDMC,2024-07-12T12:23:53Z,2024-07-12T12:24:21Z,19456
CAPELLA_C14_SP_CPHD_HH_20240712122324_20240712122353,28.2,HV,WRM,19.406623,-155.300005,West Rim Hawaii Digital,IRISDMC,2024-07-12T12:23:53Z,2024-07-12T12:24:21Z,19456
CAPELLA_C14_SP_CPHD_HH_20240709133511_20240709133539,28.2,HV,UWE,19.420972,-155.291162,Uwekahuna Vault Hawaii,IRISDMC,2024-07-09T13:35:39Z,2024-07-09T13:36:07Z,19456
CAPELLA_C14_SP_CPHD_HH_20240607024429_20240607024457,28.2,HV,KKO,19.398242,-155.266032,Keanakakoi Crater,IRISDMC,2024-06-07T02:44:57Z,2024-06-07T02:45:25Z,18944
CAPELLA_C14_SP_CPHD_HH_20240607024429_20240607024457,28.2,HV,RIMD,19.395368,-155.273643,Caldera Rim Hawaii Digital,IRISDMC,2024-06-07T02:44:57Z,2024-06-07T02:45:25Z,18944
CAPELLA_C14_SP_CPHD_HH_20240630171031_20240630171100,28.2,HV,KKO,19.398242,-155.266032,Keanakakoi Crater,IRISDMC,2024-06-30T17:10:59Z,2024-06-30T17:11:27Z,17920
CAPELLA_C14_SP_CPHD_HH_20240604035617_20240604035645,28.2,HV,SDH,19.390003,-155.293995,Sand Hill,IRISDMC,2024-06-04T03:56:45Z,2024-06-04T03:57:13Z,16896
CAPELLA_C14_SP_CPHD_HH_20240627182210_20240627182238,28.2,HV,SDH,19.390003,-155.293995,Sand Hill,IRISDMC,2024-06-27T18:22:39Z,2024-06-27T18:23:07Z,15360
CAPELLA_C14_SP_CPHD_HH_20240627182210_20240627182238,28.2,HV,OTLD,19.386532,-155.281715,Outlet Digital,IRISDMC,2024-06-27T18:22:39Z,2024-06-27T18:23:07Z,14848
CAPELLA_C14_SP_CPHD_HH_20240604035617_20240604035645,28.2,HV,OTLD,19.386532,-155.281715,Outlet Digital,IRISDMC,2024-06-04T03:56:45Z,2024-06-04T03:57:13Z,14848
CAPELLA_C14_SP_CPHD_HH_20240604035617_20240604035645,28.2,HV,WRM,19.406623,-155.300005,West Rim Hawaii Digital,IRISDMC,2024-06-04T03:56:45Z,2024-06-04T03:57:13Z,14848
CAPELLA_C14_SP_CPHD_HH_20240715111140_20240715111208,28.2,HV,OTLD,19.386532,-155.281715,Outlet Digital,IRISDMC,2024-07-15T11:12:08Z,2024-07-15T11:12:36Z,14848
CAPELLA_C14_SP_CPHD_HH_20240610013244_20240610013313,28.2,HV,OTLD,19.386532,-155.281715,Outlet Digital,IRISDMC,2024-06-10T01:33:13Z,2024-06-10T01:33:41Z,14336
CAPELLA_C14_SP_CPHD_HH_20240610013244_20240610013313,28.2,HV,SDH,19.390003,-155.293995,Sand Hill,IRISDMC,2024-06-10T01:33:13Z,2024-06-10T01:33:41Z,14336
CAPELLA_C14_SP_CPHD_HH_20240610013244_20240610013313,28.2,HV,UWB,19.42476,-155.277582,Uwekahuna Bluff Hawaii,IRISDMC,2024-06-10T01:33:13Z,2024-06-10T01:33:41Z,14336
CAPELLA_C14_SP_CPHD_HH_20240715111140_20240715111208,28.2,HV,SDH,19.390003,-155.293995,Sand Hill,IRISDMC,2024-07-15T11:12:08Z,2024-07-15T11:12:36Z,14336
CAPELLA_C14_SP_CPHD_HH_20240627182210_20240627182238,28.2,HV,WRM,19.406623,-155.300005,West Rim Hawaii Digital,IRISDMC,2024-06-27T18:22:39Z,2024-06-27T18:23:07Z,13824
CAPELLA_C14_SP_CPHD_HH_20240709133511_20240709133539,28.2,HV,OTLD,19.386532,-155.281715,Outlet Digital,IRISDMC,2024-07-09T13:35:39Z,2024-07-09T13:36:07Z,13824
CAPELLA_C14_SP_CPHD_HH_20240709133511_20240709133539,28.2,HV,SDH,19.390003,-155.293995,Sand Hill,IRISDMC,2024-07-09T13:35:39Z,2024-07-09T13:36:07Z,13824
CAPELLA_C14_SP_CPHD_HH_20240709133511_20240709133539,28.2,HV,WRM,19.406623,-155.300005,West Rim Hawaii Digital,IRISDMC,2024-07-09T13:35:39Z,2024-07-09T13:36:07Z,13824
CAPELLA_C14_SP_CPHD_HH_20240610013244_20240610013313,28.2,HV,WRM,19.406623,-155.300005,West Rim Hawaii Digital,IRISDMC,2024-06-10T01:33:13Z,2024-06-10T01:33:41Z,12800
CAPELLA_C14_SP_CPHD_HH_20240630171031_20240630171100,28.2,HV,SDH,19.390003,-155.293995,Sand Hill,IRISDMC,2024-06-30T17:10:59Z,2024-06-30T17:11:27Z,12288
CAPELLA_C14_SP_CPHD_HH_20240607024429_20240607024457,28.2,HV,WRM,19.406623,-155.300005,West Rim Hawaii Digital,IRISDMC,2024-06-07T02:44:57Z,2024-06-07T02:45:25Z,12288
CAPELLA_C14_SP_CPHD_HH_20240712122324_20240712122353,28.2,HV,SDH,19.390003,-155.293995,Sand Hill,IRISDMC,2024-07-12T12:23:53Z,2024-07-12T12:24:21Z,12288
CAPELLA_C14_SP_CPHD_HH_20240627182210_20240627182238,28.2,HV,UWB,19.42476,-155.277582,Uwekahuna Bluff Hawaii,IRISDMC,2024-06-27T18:22:39Z,2024-06-27T18:23:07Z,11776
CAPELLA_C14_SP_CPHD_HH_20240630171031_20240630171100,28.2,HV,OTLD,19.386532,-155.281715,Outlet Digital,IRISDMC,2024-06-30T17:10:59Z,2024-06-30T17:11:27Z,11264
CAPELLA_C14_SP_CPHD_HH_20240607024429_20240607024457,28.2,HV,OTLD,19.386532,-155.281715,Outlet Digital,IRISDMC,2024-06-07T02:44:57Z,2024-06-07T02:45:25Z,11264
CAPELLA_C14_SP_CPHD_HH_20240607024429_20240607024457,28.2,HV,SDH,19.390003,-155.293995,Sand Hill,IRISDMC,2024-06-07T02:44:57Z,2024-06-07T02:45:25Z,11264
CAPELLA_C14_SP_CPHD_HH_20240712122324_20240712122353,28.2,HV,OTLD,19.386532,-155.281715,Outlet Digital,IRISDMC,2024-07-12T12:23:53Z,2024-07-12T12:24:21Z,11264
CAPELLA_C14_SP_CPHD_HH_20240604035617_20240604035645,28.2,HV,UWB,19.42476,-155.277582,Uwekahuna Bluff Hawaii,IRISDMC,2024-06-04T03:56:45Z,2024-06-04T03:57:13Z,10752
CAPELLA_C14_SP_CPHD_HH_20240607024429_20240607024457,28.2,HV,UWB,19.42476,-155.277582,Uwekahuna Bluff Hawaii,IRISDMC,2024-06-07T02:44:57Z,2024-06-07T02:45:25Z,10752
CAPELLA_C14_SP_CPHD_HH_20240630171031_20240630171100,28.2,HV,WRM,19.406623,-155.300005,West Rim Hawaii Digital,IRISDMC,2024-06-30T17:10:59Z,2024-06-30T17:11:27Z,9216
CAPELLA_C15_SP_CPHD_HH_20241006083015_20241006083043,27.9,HV,PAUD,19.373785,-155.2155,"Pauahi, Hawaii Digital",IRISDMC,2024-10-06T08:30:43Z,2024-10-06T08:31:10Z,18432
CAPELLA_C10_SP_CPHD_HH_20240622045032_20240622045100,27.7,HV,RIMD,19.395368,-155.273643,Caldera Rim Hawaii Digital,IRISDMC,2024-06-22T04:50:32Z,2024-06-22T04:50:59Z,24064
CAPELLA_C10_SP_CPHD_HH_20240622045032_20240622045100,27.7,HV,KKO,19.398242,-155.266032,Keanakakoi Crater,IRISDMC,2024-06-22T04:50:32Z,2024-06-22T04:50:59Z,23040
CAPELLA_C10_SP_CPHD_HH_20240622045032_20240622045100,27.7,HV,UWE,19.420972,-155.291162,Uwekahuna Vault Hawaii,IRISDMC,2024-06-22T04:50:32Z,2024-06-22T04:50:59Z,22016
CAPELLA_C15_SP_CPHD_HH_20240921083038_20240921083105,27.7,HV,PAUD,19.373785,-155.2155,"Pauahi, Hawaii Digital",IRISDMC,2024-09-21T08:31:05Z,2024-09-21T08:31:32Z,20480
CAPELLA_C10_SP_CPHD_HH_20240622045032_20240622045100,27.7,HV,OTLD,19.386532,-155.281715,Outlet Digital,IRISDMC,2024-06-22T04:50:32Z,2024-06-22T04:50:59Z,14336
CAPELLA_C10_SP_CPHD_HH_20240622045032_20240622045100,27.7,HV,SDH,19.390003,-155.293995,Sand Hill,IRISDMC,2024-06-22T04:50:32Z,2024-06-22T04:50:59Z,14336
CAPELLA_C10_SP_CPHD_HH_20240622045032_20240622045100,27.7,HV,WRM,19.406623,-155.300005,West Rim Hawaii Digital,IRISDMC,2024-06-22T04:50:32Z,2024-06-22T04:50:59Z,13312
CAPELLA_C10_SP_CPHD_HH_20240622045032_20240622045100,27.7,HV,UWB,19.42476,-155.277582,Uwekahuna Bluff Hawaii,IRISDMC,2024-06-22T04:50:32Z,2024-06-22T04:50:59Z,10240
CAPELLA_C10_SP_CPHD_HH_20240831215822_20240831215849,27.1,HV,KNHD,19.379447,-155.169297,Kane Nui O Hamo,IRISDMC,2024-08-31T21:58:22Z,2024-08-31T21:58:49Z,2560
CAPELLA_C10_SP_CPHD_HH_20240705135904_20240705135931,26.9,HV,UWB,19.42476,-155.277582,Uwekahuna Bluff Hawaii,IRISDMC,2024-07-05T13:59:04Z,2024-07-05T13:59:30Z,39936
CAPELLA_C10_SP_CPHD_HH_20240705135904_20240705135931,26.9,HV,KKO,19.398242,-155.266032,Keanakakoi Crater,IRISDMC,2024-07-05T13:59:04Z,2024-07-05T13:59:30Z,21504
CAPELLA_C10_SP_CPHD_HH_20240705135904_20240705135931,26.9,HV,RIMD,19.395368,-155.273643,Caldera Rim Hawaii Digital,IRISDMC,2024-07-05T13:59:04Z,2024-07-05T13:59:30Z,19456
CAPELLA_C10_SP_CPHD_HH_20240705135904_20240705135931,26.9,HV,UWE,19.420972,-155.291162,Uwekahuna Vault Hawaii,IRISDMC,2024-07-05T13:59:04Z,2024-07-05T13:59:30Z,18432
CAPELLA_C10_SP_CPHD_HH_20240705135904_20240705135931,26.9,HV,SDH,19.390003,-155.293995,Sand Hill,IRISDMC,2024-07-05T13:59:04Z,2024-07-05T13:59:30Z,12800
CAPELLA_C10_SP_CPHD_HH_20240705135904_20240705135931,26.9,HV,WRM,19.406623,-155.300005,West Rim Hawaii Digital,IRISDMC,2024-07-05T13:59:04Z,2024-07-05T13:59:30Z,12288
CAPELLA_C10_SP_CPHD_HH_20240705135904_20240705135931,26.9,HV,OTLD,19.386532,-155.281715,Outlet Digital,IRISDMC,2024-07-05T13:59:04Z,2024-07-05T13:59:30Z,11776
CAPELLA_C06_SP_CPHD_HH_20220312195320_20220312195347,26.6,AM,R349C,44.03603603603604,-123.06843625304975,Raspberry Shake Citizen Science Station,RASPISHAKE,2022-03-12T19:53:47Z,2022-03-12T19:54:13Z,42496
CAPELLA_C15_SP_CPHD_HH_20241012090329_20241012090356,26.6,HV,PAUD,19.373785,-155.2155,"Pauahi, Hawaii Digital",IRISDMC,2024-10-12T09:03:56Z,2024-10-12T09:04:22Z,19968
CAPELLA_C09_SP_CPHD_HH_20240617201311_20240617201337,26.4,HV,RIMD,19.395368,-155.273643,Caldera Rim Hawaii Digital,IRISDMC,2024-06-17T20:13:10Z,2024-06-17T20:13:36Z,21504
CAPELLA_C09_SP_CPHD_HH_20240606011332_20240606011359,26.4,HV,UWE,19.420972,-155.291162,Uwekahuna Vault Hawaii,IRISDMC,2024-06-06T01:13:32Z,2024-06-06T01:13:58Z,19968
CAPELLA_C09_SP_CPHD_HH_20240617201311_20240617201337,26.4,HV,UWE,19.420972,-155.291162,Uwekahuna Vault Hawaii,IRISDMC,2024-06-17T20:13:10Z,2024-06-17T20:13:36Z,19456
CAPELLA_C09_SP_CPHD_HH_20240606011332_20240606011359,26.4,HV,RIMD,19.395368,-155.273643,Caldera Rim Hawaii Digital,IRISDMC,2024-06-06T01:13:32Z,2024-06-06T01:13:58Z,19456
CAPELLA_C09_SP_CPHD_HH_20240617201311_20240617201337,26.4,HV,KKO,19.398242,-155.266032,Keanakakoi Crater,IRISDMC,2024-06-17T20:13:10Z,2024-06-17T20:13:36Z,18432
CAPELLA_C09_SP_CPHD_HH_20240606011332_20240606011359,26.4,HV,KKO,19.398242,-155.266032,Keanakakoi Crater,IRISDMC,2024-06-06T01:13:32Z,2024-06-06T01:13:58Z,18432
CAPELLA_C09_SP_CPHD_HH_20240617201311_20240617201337,26.4,HV,OTLD,19.386532,-155.281715,Outlet Digital,IRISDMC,2024-06-17T20:13:10Z,2024-06-17T20:13:36Z,13312
CAPELLA_C09_SP_CPHD_HH_20240617201311_20240617201337,26.4,HV,SDH,19.390003,-155.293995,Sand Hill,IRISDMC,2024-06-17T20:13:10Z,2024-06-17T20:13:36Z,13312
CAPELLA_C09_SP_CPHD_HH_20240606011332_20240606011359,26.4,HV,SDH,19.390003,-155.293995,Sand Hill,IRISDMC,2024-06-06T01:13:32Z,2024-06-06T01:13:58Z,13312
CAPELLA_C09_SP_CPHD_HH_20240617201311_20240617201337,26.4,HV,WRM,19.406623,-155.300005,West Rim Hawaii Digital,IRISDMC,2024-06-17T20:13:10Z,2024-06-17T20:13:36Z,12288
CAPELLA_C09_SP_CPHD_HH_20240606011332_20240606011359,26.4,HV,OTLD,19.386532,-155.281715,Outlet Digital,IRISDMC,2024-06-06T01:13:32Z,2024-06-06T01:13:58Z,11264
CAPELLA_C09_SP_CPHD_HH_20240606011332_20240606011359,26.4,HV,UWB,19.42476,-155.277582,Uwekahuna Bluff Hawaii,IRISDMC,2024-06-06T01:13:32Z,2024-06-06T01:13:58Z,11264
CAPELLA_C09_SP_CPHD_HH_20240617201311_20240617201337,26.4,HV,UWB,19.42476,-155.277582,Uwekahuna Bluff Hawaii,IRISDMC,2024-06-17T20:13:10Z,2024-06-17T20:13:36Z,10240
CAPELLA_C09_SP_CPHD_HH_20240606011332_20240606011359,26.4,HV,WRM,19.406623,-155.300005,West Rim Hawaii Digital,IRISDMC,2024-06-06T01:13:32Z,2024-06-06T01:13:58Z,10240
CAPELLA_C09_SP_CPHD_HH_20240719064935_20240719065001,26.2,HV,UWB,19.42476,-155.277582,Uwekahuna Bluff Hawaii,IRISDMC,2024-07-19T06:49:34Z,2024-07-19T06:50:00Z,39936
CAPELLA_C09_SP_CPHD_HH_20240719064935_20240719065001,26.2,HV,RIMD,19.395368,-155.273643,Caldera Rim Hawaii Digital,IRISDMC,2024-07-19T06:49:34Z,2024-07-19T06:50:00Z,21504
CAPELLA_C09_SP_CPHD_HH_20240719064935_20240719065001,26.2,HV,UWE,19.420972,-155.291162,Uwekahuna Vault Hawaii,IRISDMC,2024-07-19T06:49:34Z,2024-07-19T06:50:00Z,19456
CAPELLA_C09_SP_CPHD_HH_20240719064935_20240719065001,26.2,HV,WRM,19.406623,-155.300005,West Rim Hawaii Digital,IRISDMC,2024-07-19T06:49:34Z,2024-07-19T06:50:00Z,19456
CAPELLA_C09_SP_CPHD_HH_20240719064935_20240719065001,26.2,HV,KKO,19.398242,-155.266032,Keanakakoi Crater,IRISDMC,2024-07-19T06:49:34Z,2024-07-19T06:50:00Z,17920
CAPELLA_C09_SP_CPHD_HH_20240719064935_20240719065001,26.2,HV,OTLD,19.386532,-155.281715,Outlet Digital,IRISDMC,2024-07-19T06:49:34Z,2024-07-19T06:50:00Z,12800
CAPELLA_C09_SP_CPHD_HH_20240719064935_20240719065001,26.2,HV,SDH,19.390003,-155.293995,Sand Hill,IRISDMC,2024-07-19T06:49:34Z,2024-07-19T06:50:00Z,11776
CAPELLA_C10_SP_CPHD_HH_20240708120004_20240708120030,26.1,HV,UWB,19.42476,-155.277582,Uwekahuna Bluff Hawaii,IRISDMC,2024-07-08T12:00:04Z,2024-07-08T12:00:30Z,39936
CAPELLA_C10_SP_CPHD_HH_20240708120004_20240708120030,26.1,HV,RIMD,19.395368,-155.273643,Caldera Rim Hawaii Digital,IRISDMC,2024-07-08T12:00:04Z,2024-07-08T12:00:30Z,21504
CAPELLA_C10_SP_CPHD_HH_20240708120004_20240708120030,26.1,HV,UWE,19.420972,-155.291162,Uwekahuna Vault Hawaii,IRISDMC,2024-07-08T12:00:04Z,2024-07-08T12:00:30Z,19456
CAPELLA_C10_SP_CPHD_HH_20240708120004_20240708120030,26.1,HV,KKO,19.398242,-155.266032,Keanakakoi Crater,IRISDMC,2024-07-08T12:00:04Z,2024-07-08T12:00:30Z,16896
CAPELLA_C10_SP_CPHD_HH_20240708120004_20240708120030,26.1,HV,OTLD,19.386532,-155.281715,Outlet Digital,IRISDMC,2024-07-08T12:00:04Z,2024-07-08T12:00:30Z,11776
CAPELLA_C10_SP_CPHD_HH_20240708120004_20240708120030,26.1,HV,SDH,19.390003,-155.293995,Sand Hill,IRISDMC,2024-07-08T12:00:04Z,2024-07-08T12:00:30Z,11264
CAPELLA_C10_SP_CPHD_HH_20240708120004_20240708120030,26.1,HV,WRM,19.406623,-155.300005,West Rim Hawaii Digital,IRISDMC,2024-07-08T12:00:04Z,2024-07-08T12:00:30Z,9728
CAPELLA_C09_SP_CPHD_HH_20231119132416_20231119132442,25.7,NN,UNVG,36.1106,-115.1446,"UNLV greenhouse area, Las Vegas Valley",IRISDMC,2023-11-19T13:24:16Z,2023-11-19T13:24:41Z,46592
CAPELLA_C09_SP_CPHD_HH_20231119132416_20231119132442,25.7,NN,CC12,36.1337,-115.1709,Clark County Firehouse 12; ANSS SM w84gm,IRISDMC,2023-11-19T13:24:16Z,2023-11-19T13:24:41Z,23552
CAPELLA_C10_SP_CPHD_HH_20240608005508_20240608005534,25.7,HV,UWE,19.420972,-155.291162,Uwekahuna Vault Hawaii,IRISDMC,2024-06-08T00:55:08Z,2024-06-08T00:55:33Z,19456
CAPELLA_C10_SP_CPHD_HH_20240608005508_20240608005534,25.7,HV,RIMD,19.395368,-155.273643,Caldera Rim Hawaii Digital,IRISDMC,2024-06-08T00:55:08Z,2024-06-08T00:55:33Z,16896
CAPELLA_C10_SP_CPHD_HH_20240608005508_20240608005534,25.7,HV,KKO,19.398242,-155.266032,Keanakakoi Crater,IRISDMC,2024-06-08T00:55:08Z,2024-06-08T00:55:33Z,16384
CAPELLA_C10_SP_CPHD_HH_20240608005508_20240608005534,25.7,HV,SDH,19.390003,-155.293995,Sand Hill,IRISDMC,2024-06-08T00:55:08Z,2024-06-08T00:55:33Z,12288
CAPELLA_C10_SP_CPHD_HH_20240608005508_20240608005534,25.7,HV,WRM,19.406623,-155.300005,West Rim Hawaii Digital,IRISDMC,2024-06-08T00:55:08Z,2024-06-08T00:55:33Z,12288
CAPELLA_C10_SP_CPHD_HH_20240608005508_20240608005534,25.7,HV,OTLD,19.386532,-155.281715,Outlet Digital,IRISDMC,2024-06-08T00:55:08Z,2024-06-08T00:55:33Z,11264
CAPELLA_C10_SP_CPHD_HH_20240608005508_20240608005534,25.7,HV,UWB,19.42476,-155.277582,Uwekahuna Bluff Hawaii,IRISDMC,2024-06-08T00:55:08Z,2024-06-08T00:55:33Z,11264
CAPELLA_C02_SP_CPHD_HH_20210310215642_20210310215708,25.6,IV,VENL,45.4167,12.3765,Venezia Lido,INGV,2021-03-10T21:57:08Z,2021-03-10T21:57:33Z,10752
CAPELLA_C10_SP_CPHD_HH_20240926191432_20240926191457,25.1,LX,GGNV,38.718498,-9.1505,"Lisboa, Geofisico, Portugal",IRISDMC,2024-09-26T19:14:31Z,2024-09-26T19:14:56Z,18944
CAPELLA_C10_SP_CPHD_HH_20240926191432_20240926191457,25.1,AM,R2A34,38.729729729729726,-9.134956051825696,Raspberry Shake Citizen Science Station,RASPISHAKE,2024-09-26T19:14:31Z,2024-09-26T19:14:56Z,5632
CAPELLA_C13_SP_CPHD_HH_20240930140452_20240930140517,25.0,HV,PAUD,19.373785,-155.2155,"Pauahi, Hawaii Digital",IRISDMC,2024-09-30T14:05:17Z,2024-09-30T14:05:42Z,16896
