scene,dwell_s,net,sta,lat,lon,name,datacentre,start,end,waveform_bytes,rms_um,peak_um,chan,note
CAPELLA_C15_SP_CPHD_HH_20241115212743_20241115212823,40.1,AM,RC269,47.47747747747748,19.049177505045154,Raspberry Shake Citizen Science Station,RASPISHAKE,2024-11-15T21:28:23Z,2024-11-15T21:29:03Z,6656,0.1091,0.6030,EHZ,
CAPELLA_C13_SP_CPHD_HH_20241008104829_20241008104908,39.0,HV,PAUD,19.373785,-155.2155,"Pauahi, Hawaii Digital",IRISDMC,2024-10-08T10:49:07Z,2024-10-08T10:49:45Z,24064,2.1521,9.5165,HHN,
CAPELLA_C14_SP_CPHD_HH_20240924060907_20240924060945,38.4,HV,PAUD,19.373785,-155.2155,"Pauahi, Hawaii Digital",IRISDMC,2024-09-24T06:09:08Z,2024-09-24T06:09:46Z,25600,0.9952,4.9514,HHN,
CAPELLA_C13_SP_CPHD_HH_20241003024738_20241003024817,38.2,HV,PAUD,19.373785,-155.2155,"Pauahi, Hawaii Digital",IRISDMC,2024-10-03T02:48:16Z,2024-10-03T02:48:54Z,29184,2.0354,10.8519,HHN,
CAPELLA_C15_SP_CPHD_HH_20241114212350_20241114212427,37.6,AM,RC269,47.47747747747748,19.049177505045154,Raspberry Shake Citizen Science Station,RASPISHAKE,2024-11-14T21:24:27Z,2024-11-14T21:25:04Z,6656,0.1438,0.6981,EHZ,
CAPELLA_C13_SP_CPHD_HH_20241009004436_20241009004512,35.9,HV,PAUD,19.373785,-155.2155,"Pauahi, Hawaii Digital",IRISDMC,2024-10-09T00:45:12Z,2024-10-09T00:45:47Z,26624,1.9141,7.6939,HHE,
CAPELLA_C10_SP_CPHD_HH_20240611004012_20240611004047,34.8,HV,RIMD,19.395368,-155.273643,Caldera Rim Hawaii Digital,IRISDMC,2024-06-11T00:40:12Z,2024-06-11T00:40:46Z,30208,1.6806,7.0425,HHE,
CAPELLA_C10_SP_CPHD_HH_20240611004012_20240611004047,34.8,HV,UWE,19.420972,-155.291162,Uwekahuna Vault Hawaii,IRISDMC,2024-06-11T00:40:12Z,2024-06-11T00:40:46Z,29696,2.4045,11.2295,HHE,
CAPELLA_C10_SP_CPHD_HH_20240611004012_20240611004047,34.8,HV,KKO,19.398242,-155.266032,Keanakakoi Crater,IRISDMC,2024-06-11T00:40:12Z,2024-06-11T00:40:46Z,26624,2.8100,11.1130,HHN,
CAPELLA_C10_SP_CPHD_HH_20240611004012_20240611004047,34.8,HV,OTLD,19.386532,-155.281715,Outlet Digital,IRISDMC,2024-06-11T00:40:12Z,2024-06-11T00:40:46Z,18944,2.3337,9.3572,HHN,
CAPELLA_C10_SP_CPHD_HH_20240611004012_20240611004047,34.8,HV,SDH,19.390003,-155.293995,Sand Hill,IRISDMC,2024-06-11T00:40:12Z,2024-06-11T00:40:46Z,15872,2.2483,8.8295,HHE,
CAPELLA_C10_SP_CPHD_HH_20240611004012_20240611004047,34.8,HV,WRM,19.406623,-155.300005,West Rim Hawaii Digital,IRISDMC,2024-06-11T00:40:12Z,2024-06-11T00:40:46Z,15872,4.6468,18.5031,HHE,
CAPELLA_C10_SP_CPHD_HH_20240611004012_20240611004047,34.8,HV,UWB,19.42476,-155.277582,Uwekahuna Bluff Hawaii,IRISDMC,2024-06-11T00:40:12Z,2024-06-11T00:40:46Z,15360,22.5250,74.3838,HHE,
CAPELLA_C13_SP_CPHD_HH_20241010111409_20241010111443,34.4,HV,PAUD,19.373785,-155.2155,"Pauahi, Hawaii Digital",IRISDMC,2024-10-10T11:14:43Z,2024-10-10T11:15:17Z,23040,4.0360,16.1383,HHN,
CAPELLA_C10_SP_CPHD_HH_20240615223406_20240615223440,34.2,HV,RIMD,19.395368,-155.273643,Caldera Rim Hawaii Digital,IRISDMC,2024-06-15T22:34:06Z,2024-06-15T22:34:40Z,27136,1.5980,8.3342,HHN,
CAPELLA_C10_SP_CPHD_HH_20240615223406_20240615223440,34.2,HV,UWE,19.420972,-155.291162,Uwekahuna Vault Hawaii,IRISDMC,2024-06-15T22:34:06Z,2024-06-15T22:34:40Z,27136,1.7410,7.3395,HHE,
CAPELLA_C10_SP_CPHD_HH_20240615223406_20240615223440,34.2,HV,KKO,19.398242,-155.266032,Keanakakoi Crater,IRISDMC,2024-06-15T22:34:06Z,2024-06-15T22:34:40Z,26624,1.7143,7.4110,HHN,
CAPELLA_C10_SP_CPHD_HH_20240615223406_20240615223440,34.2,HV,WRM,19.406623,-155.300005,West Rim Hawaii Digital,IRISDMC,2024-06-15T22:34:06Z,2024-06-15T22:34:40Z,17408,51.8197,175.7129,HHZ,
CAPELLA_C10_SP_CPHD_HH_20240615223406_20240615223440,34.2,HV,SDH,19.390003,-155.293995,Sand Hill,IRISDMC,2024-06-15T22:34:06Z,2024-06-15T22:34:40Z,16384,1.2974,5.0933,HHN,
CAPELLA_C10_SP_CPHD_HH_20240615223406_20240615223440,34.2,HV,UWB,19.42476,-155.277582,Uwekahuna Bluff Hawaii,IRISDMC,2024-06-15T22:34:06Z,2024-06-15T22:34:40Z,15360,70.6613,211.6569,HHE,
CAPELLA_C10_SP_CPHD_HH_20240615223406_20240615223440,34.2,HV,OTLD,19.386532,-155.281715,Outlet Digital,IRISDMC,2024-06-15T22:34:06Z,2024-06-15T22:34:40Z,14336,1.2419,5.9654,HHN,
CAPELLA_C10_SP_CPHD_HH_20240718073407_20240718073441,33.9,HV,UWB,19.42476,-155.277582,Uwekahuna Bluff Hawaii,IRISDMC,2024-07-18T07:34:07Z,2024-07-18T07:34:40Z,50176,1743.0012,9486.1851,HHZ,
CAPELLA_C10_SP_CPHD_HH_20240718073407_20240718073441,33.9,HV,RIMD,19.395368,-155.273643,Caldera Rim Hawaii Digital,IRISDMC,2024-07-18T07:34:07Z,2024-07-18T07:34:40Z,24576,4.6419,16.4912,HHE,
CAPELLA_C10_SP_CPHD_HH_20240718073407_20240718073441,33.9,HV,UWE,19.420972,-155.291162,Uwekahuna Vault Hawaii,IRISDMC,2024-07-18T07:34:07Z,2024-07-18T07:34:40Z,24064,1.2685,5.9421,HHN,
CAPELLA_C10_SP_CPHD_HH_20240718073407_20240718073441,33.9,HV,WRM,19.406623,-155.300005,West Rim Hawaii Digital,IRISDMC,2024-07-18T07:34:07Z,2024-07-18T07:34:40Z,22016,,,,no channel survived response removal
CAPELLA_C10_SP_CPHD_HH_20240718073407_20240718073441,33.9,HV,KKO,19.398242,-155.266032,Keanakakoi Crater,IRISDMC,2024-07-18T07:34:07Z,2024-07-18T07:34:40Z,19968,1.2043,5.4360,HHE,
CAPELLA_C10_SP_CPHD_HH_20240718073407_20240718073441,33.9,HV,OTLD,19.386532,-155.281715,Outlet Digital,IRISDMC,2024-07-18T07:34:07Z,2024-07-18T07:34:40Z,14848,0.9881,4.6300,HHE,
CAPELLA_C10_SP_CPHD_HH_20240718073407_20240718073441,33.9,HV,SDH,19.390003,-155.293995,Sand Hill,IRISDMC,2024-07-18T07:34:07Z,2024-07-18T07:34:40Z,13824,1.1135,5.5075,HHE,
CAPELLA_C10_SP_CPHD_HH_20240919044744_20240919044817,33.4,HV,PAUD,19.373785,-155.2155,"Pauahi, Hawaii Digital",IRISDMC,2024-09-19T04:47:44Z,2024-09-19T04:48:17Z,25088,1.4633,6.6075,HHN,
CAPELLA_C13_SP_CPHD_HH_20241114042855_20241114042929,33.3,AM,RC269,47.47747747747748,19.049177505045154,Raspberry Shake Citizen Science Station,RASPISHAKE,2024-11-14T04:29:29Z,2024-11-14T04:30:02Z,6144,0.1290,0.6980,EHZ,
CAPELLA_C10_SP_CPHD_HH_20240624025907_20240624025940,32.8,HV,RIMD,19.395368,-155.273643,Caldera Rim Hawaii Digital,IRISDMC,2024-06-24T02:59:07Z,2024-06-24T02:59:39Z,31232,1.3100,5.3395,HHN,
CAPELLA_C10_SP_CPHD_HH_20240624025907_20240624025940,32.8,HV,UWE,19.420972,-155.291162,Uwekahuna Vault Hawaii,IRISDMC,2024-06-24T02:59:07Z,2024-06-24T02:59:39Z,27136,1.8620,8.3717,HHE,
CAPELLA_C10_SP_CPHD_HH_20240624025907_20240624025940,32.8,HV,KKO,19.398242,-155.266032,Keanakakoi Crater,IRISDMC,2024-06-24T02:59:07Z,2024-06-24T02:59:39Z,26624,1.3599,6.2017,HHN,
CAPELLA_C10_SP_CPHD_HH_20240624025907_20240624025940,32.8,HV,SDH,19.390003,-155.293995,Sand Hill,IRISDMC,2024-06-24T02:59:07Z,2024-06-24T02:59:39Z,16384,1.1812,5.3625,HHN,
CAPELLA_C10_SP_CPHD_HH_20240624025907_20240624025940,32.8,HV,BYL,19.412087,-155.259877,Byron's Ledge,IRISDMC,2024-06-24T02:59:07Z,2024-06-24T02:59:39Z,15360,9.0268,29.5553,HHZ,
CAPELLA_C10_SP_CPHD_HH_20240624025907_20240624025940,32.8,HV,WRM,19.406623,-155.300005,West Rim Hawaii Digital,IRISDMC,2024-06-24T02:59:07Z,2024-06-24T02:59:39Z,15360,4.8105,21.5525,HHE,
CAPELLA_C10_SP_CPHD_HH_20240624025907_20240624025940,32.8,HV,OTLD,19.386532,-155.281715,Outlet Digital,IRISDMC,2024-06-24T02:59:07Z,2024-06-24T02:59:39Z,14848,0.7220,3.2955,HHN,
CAPELLA_C10_SP_CPHD_HH_20240624025907_20240624025940,32.8,HV,UWB,19.42476,-155.277582,Uwekahuna Bluff Hawaii,IRISDMC,2024-06-24T02:59:07Z,2024-06-24T02:59:39Z,14336,33.7314,95.7111,HHN,
CAPELLA_C09_SP_CPHD_HH_20240613070349_20240613070421,32.5,HV,RIMD,19.395368,-155.273643,Caldera Rim Hawaii Digital,IRISDMC,2024-06-13T07:03:49Z,2024-06-13T07:04:21Z,32768,2.1618,9.7960,HHN,
CAPELLA_C09_SP_CPHD_HH_20240613070349_20240613070421,32.5,HV,KKO,19.398242,-155.266032,Keanakakoi Crater,IRISDMC,2024-06-13T07:03:49Z,2024-06-13T07:04:21Z,25088,1.9418,10.4359,HHN,
CAPELLA_C09_SP_CPHD_HH_20240613070349_20240613070421,32.5,HV,UWE,19.420972,-155.291162,Uwekahuna Vault Hawaii,IRISDMC,2024-06-13T07:03:49Z,2024-06-13T07:04:21Z,24064,2.2756,10.6771,HHE,
CAPELLA_C09_SP_CPHD_HH_20240613070349_20240613070421,32.5,HV,WRM,19.406623,-155.300005,West Rim Hawaii Digital,IRISDMC,2024-06-13T07:03:49Z,2024-06-13T07:04:21Z,18944,109.9629,449.2371,HHZ,
CAPELLA_C09_SP_CPHD_HH_20240613070349_20240613070421,32.5,HV,OTLD,19.386532,-155.281715,Outlet Digital,IRISDMC,2024-06-13T07:03:49Z,2024-06-13T07:04:21Z,15872,1.4716,7.1811,HHN,
CAPELLA_C09_SP_CPHD_HH_20240613070349_20240613070421,32.5,HV,SDH,19.390003,-155.293995,Sand Hill,IRISDMC,2024-06-13T07:03:49Z,2024-06-13T07:04:21Z,15872,1.7808,8.4539,HHN,
CAPELLA_C09_SP_CPHD_HH_20240613070349_20240613070421,32.5,HV,UWB,19.42476,-155.277582,Uwekahuna Bluff Hawaii,IRISDMC,2024-06-13T07:03:49Z,2024-06-13T07:04:21Z,11264,10.4266,34.3641,HHE,
CAPELLA_C10_SP_CPHD_HH_20240702141725_20240702141758,32.4,HV,UWB,19.42476,-155.277582,Uwekahuna Bluff Hawaii,IRISDMC,2024-07-02T14:17:25Z,2024-07-02T14:17:57Z,48640,933.2522,4550.7790,HHN,
CAPELLA_C10_SP_CPHD_HH_20240702141725_20240702141758,32.4,HV,RIMD,19.395368,-155.273643,Caldera Rim Hawaii Digital,IRISDMC,2024-07-02T14:17:25Z,2024-07-02T14:17:57Z,25600,1.2639,5.9495,HHN,
CAPELLA_C10_SP_CPHD_HH_20240702141725_20240702141758,32.4,HV,KKO,19.398242,-155.266032,Keanakakoi Crater,IRISDMC,2024-07-02T14:17:25Z,2024-07-02T14:17:57Z,23552,1.1479,5.5728,HHN,
CAPELLA_C10_SP_CPHD_HH_20240702141725_20240702141758,32.4,HV,UWE,19.420972,-155.291162,Uwekahuna Vault Hawaii,IRISDMC,2024-07-02T14:17:25Z,2024-07-02T14:17:57Z,22016,1.4221,5.4990,HHN,
CAPELLA_C10_SP_CPHD_HH_20240702141725_20240702141758,32.4,HV,SDH,19.390003,-155.293995,Sand Hill,IRISDMC,2024-07-02T14:17:25Z,2024-07-02T14:17:57Z,15360,0.9652,4.6635,HHN,
CAPELLA_C10_SP_CPHD_HH_20240702141725_20240702141758,32.4,HV,OTLD,19.386532,-155.281715,Outlet Digital,IRISDMC,2024-07-02T14:17:25Z,2024-07-02T14:17:57Z,14336,1.0229,4.7154,HHN,
CAPELLA_C10_SP_CPHD_HH_20240702141725_20240702141758,32.4,HV,WRM,19.406623,-155.300005,West Rim Hawaii Digital,IRISDMC,2024-07-02T14:17:25Z,2024-07-02T14:17:57Z,12800,3.3719,16.6944,HHE,
CAPELLA_C15_SP_CPHD_HH_20240820012719_20240820012752,32.2,CN,FRB,63.7469,-68.5451,"Iqaluit, NU, CA",IRISDMC,2024-08-20T01:27:51Z,2024-08-20T01:28:23Z,43008,0.1482,0.6038,BH1,
CAPELLA_C10_SP_CPHD_HH_20240711114052_20240711114124,32.0,HV,UWB,19.42476,-155.277582,Uwekahuna Bluff Hawaii,IRISDMC,2024-07-11T11:40:52Z,2024-07-11T11:41:23Z,47616,1580.1507,8000.3321,HHZ,
CAPELLA_C10_SP_CPHD_HH_20240711114052_20240711114124,32.0,HV,RIMD,19.395368,-155.273643,Caldera Rim Hawaii Digital,IRISDMC,2024-07-11T11:40:52Z,2024-07-11T11:41:23Z,28160,1.0660,5.8303,HHE,
CAPELLA_C10_SP_CPHD_HH_20240711114052_20240711114124,32.0,HV,KKO,19.398242,-155.266032,Keanakakoi Crater,IRISDMC,2024-07-11T11:40:52Z,2024-07-11T11:41:23Z,24576,1.0495,4.4393,HHN,
CAPELLA_C10_SP_CPHD_HH_20240711114052_20240711114124,32.0,HV,UWE,19.420972,-155.291162,Uwekahuna Vault Hawaii,IRISDMC,2024-07-11T11:40:52Z,2024-07-11T11:41:23Z,23040,2.3260,11.7655,HHN,
CAPELLA_C10_SP_CPHD_HH_20240711114052_20240711114124,32.0,HV,WRM,19.406623,-155.300005,West Rim Hawaii Digital,IRISDMC,2024-07-11T11:40:52Z,2024-07-11T11:41:23Z,20480,,,,no channel survived response removal
CAPELLA_C10_SP_CPHD_HH_20240711114052_20240711114124,32.0,HV,OTLD,19.386532,-155.281715,Outlet Digital,IRISDMC,2024-07-11T11:40:52Z,2024-07-11T11:41:23Z,14336,1.2216,5.7292,HHN,
CAPELLA_C10_SP_CPHD_HH_20240711114052_20240711114124,32.0,HV,SDH,19.390003,-155.293995,Sand Hill,IRISDMC,2024-07-11T11:40:52Z,2024-07-11T11:41:23Z,14336,1.5893,6.1519,HHN,
CAPELLA_C11_SP_CPHD_HH_20241125040648_20241125040720,32.0,AU,NIUE,-19.0763,-169.9272,"Niue Island, Niue",IRISDMC,2024-11-25T04:07:21Z,2024-11-25T04:07:53Z,7168,5.4716,24.2857,BHN,
CAPELLA_C10_SP_CPHD_HH_20240709202225_20240709202256,31.6,HV,UWB,19.42476,-155.277582,Uwekahuna Bluff Hawaii,IRISDMC,2024-07-09T20:22:25Z,2024-07-09T20:22:56Z,46592,1918.2789,10041.6293,HHZ,
CAPELLA_C10_SP_CPHD_HH_20240709202225_20240709202256,31.6,HV,RIMD,19.395368,-155.273643,Caldera Rim Hawaii Digital,IRISDMC,2024-07-09T20:22:25Z,2024-07-09T20:22:56Z,29184,1.8750,8.0400,HHN,
CAPELLA_C10_SP_CPHD_HH_20240709202225_20240709202256,31.6,HV,KKO,19.398242,-155.266032,Keanakakoi Crater,IRISDMC,2024-07-09T20:22:25Z,2024-07-09T20:22:56Z,28160,1.4873,7.0290,HHN,
CAPELLA_C10_SP_CPHD_HH_20240709202225_20240709202256,31.6,HV,UWE,19.420972,-155.291162,Uwekahuna Vault Hawaii,IRISDMC,2024-07-09T20:22:25Z,2024-07-09T20:22:56Z,25088,2.2449,9.1819,HHN,
CAPELLA_C10_SP_CPHD_HH_20240709202225_20240709202256,31.6,HV,OTLD,19.386532,-155.281715,Outlet Digital,IRISDMC,2024-07-09T20:22:25Z,2024-07-09T20:22:56Z,17408,1.1090,5.1241,HHN,
CAPELLA_C10_SP_CPHD_HH_20240709202225_20240709202256,31.6,HV,BYL,19.412087,-155.259877,Byron's Ledge,IRISDMC,2024-07-09T20:22:25Z,2024-07-09T20:22:56Z,14336,1.5153,7.0986,HHZ,
CAPELLA_C10_SP_CPHD_HH_20240709202225_20240709202256,31.6,HV,SDH,19.390003,-155.293995,Sand Hill,IRISDMC,2024-07-09T20:22:25Z,2024-07-09T20:22:56Z,14336,1.1834,6.4394,HHE,
CAPELLA_C10_SP_CPHD_HH_20240709202225_20240709202256,31.6,HV,WRM,19.406623,-155.300005,West Rim Hawaii Digital,IRISDMC,2024-07-09T20:22:25Z,2024-07-09T20:22:56Z,14336,4.7289,21.8044,HHE,
CAPELLA_C10_SP_CPHD_HH_20240619050651_20240619050722,31.3,HV,RIMD,19.395368,-155.273643,Caldera Rim Hawaii Digital,IRISDMC,2024-06-19T05:06:51Z,2024-06-19T05:07:22Z,25600,2.0431,6.8055,HHE,
CAPELLA_C10_SP_CPHD_HH_20240619050651_20240619050722,31.3,HV,KKO,19.398242,-155.266032,Keanakakoi Crater,IRISDMC,2024-06-19T05:06:51Z,2024-06-19T05:07:22Z,24576,1.4373,7.0333,HHN,
CAPELLA_C10_SP_CPHD_HH_20240619050651_20240619050722,31.3,HV,UWE,19.420972,-155.291162,Uwekahuna Vault Hawaii,IRISDMC,2024-06-19T05:06:51Z,2024-06-19T05:07:22Z,23552,1.6671,7.5427,HHN,
CAPELLA_C10_SP_CPHD_HH_20240619050651_20240619050722,31.3,HV,SDH,19.390003,-155.293995,Sand Hill,IRISDMC,2024-06-19T05:06:51Z,2024-06-19T05:07:22Z,15872,0.9951,4.8410,HHE,
CAPELLA_C10_SP_CPHD_HH_20240619050651_20240619050722,31.3,HV,OTLD,19.386532,-155.281715,Outlet Digital,IRISDMC,2024-06-19T05:06:51Z,2024-06-19T05:07:22Z,15360,0.8701,4.3113,HHN,
CAPELLA_C10_SP_CPHD_HH_20240619050651_20240619050722,31.3,HV,WRM,19.406623,-155.300005,West Rim Hawaii Digital,IRISDMC,2024-06-19T05:06:51Z,2024-06-19T05:07:22Z,13824,2.7087,14.3703,HHE,
CAPELLA_C10_SP_CPHD_HH_20240619050651_20240619050722,31.3,HV,UWB,19.42476,-155.277582,Uwekahuna Bluff Hawaii,IRISDMC,2024-06-19T05:06:51Z,2024-06-19T05:07:22Z,12288,18.1145,59.4702,HHE,
CAPELLA_C10_SP_CPHD_HH_20240720154849_20240720154920,30.9,HV,UWB,19.42476,-155.277582,Uwekahuna Bluff Hawaii,IRISDMC,2024-07-20T15:48:49Z,2024-07-20T15:49:19Z,46080,730.1025,3583.2767,HHZ,
CAPELLA_C10_SP_CPHD_HH_20240720154849_20240720154920,30.9,HV,RIMD,19.395368,-155.273643,Caldera Rim Hawaii Digital,IRISDMC,2024-07-20T15:48:49Z,2024-07-20T15:49:19Z,22528,1.5398,5.9426,HHE,
CAPELLA_C10_SP_CPHD_HH_20240720154849_20240720154920,30.9,HV,KKO,19.398242,-155.266032,Keanakakoi Crater,IRISDMC,2024-07-20T15:48:49Z,2024-07-20T15:49:19Z,22016,0.9105,4.7792,HHE,
CAPELLA_C10_SP_CPHD_HH_20240720154849_20240720154920,30.9,HV,UWE,19.420972,-155.291162,Uwekahuna Vault Hawaii,IRISDMC,2024-07-20T15:48:49Z,2024-07-20T15:49:19Z,21504,1.8920,7.9072,HHE,
CAPELLA_C10_SP_CPHD_HH_20240720154849_20240720154920,30.9,HV,WRM,19.406623,-155.300005,West Rim Hawaii Digital,IRISDMC,2024-07-20T15:48:49Z,2024-07-20T15:49:19Z,20992,,,,no channel survived response removal
CAPELLA_C10_SP_CPHD_HH_20240720154849_20240720154920,30.9,HV,BYL,19.412087,-155.259877,Byron's Ledge,IRISDMC,2024-07-20T15:48:49Z,2024-07-20T15:49:19Z,19968,,,,no channel survived response removal
CAPELLA_C10_SP_CPHD_HH_20240720154849_20240720154920,30.9,HV,SDH,19.390003,-155.293995,Sand Hill,IRISDMC,2024-07-20T15:48:49Z,2024-07-20T15:49:19Z,15360,1.2233,4.3927,HHN,
CAPELLA_C10_SP_CPHD_HH_20240720154849_20240720154920,30.9,HV,OTLD,19.386532,-155.281715,Outlet Digital,IRISDMC,2024-07-20T15:48:49Z,2024-07-20T15:49:19Z,13312,1.2024,4.9028,HHN,
CAPELLA_C09_SP_CPHD_HH_20240716090023_20240716090053,30.5,HV,UWB,19.42476,-155.277582,Uwekahuna Bluff Hawaii,IRISDMC,2024-07-16T09:00:22Z,2024-07-16T09:00:52Z,45568,1015.5370,5418.0677,HHZ,
CAPELLA_C11_SP_CPHD_HH_20241121042705_20241121042736,30.5,IU,RAR,-21.2125,-159.7733,"Rarotonga, Cook Islands",IRISDMC,2024-11-21T04:27:36Z,2024-11-21T04:28:06Z,35328,317677694.8412,1159749506.5417,LWD,
CAPELLA_C09_SP_CPHD_HH_20240716090023_20240716090053,30.5,HV,UWE,19.420972,-155.291162,Uwekahuna Vault Hawaii,IRISDMC,2024-07-16T09:00:22Z,2024-07-16T09:00:52Z,27136,2.0741,9.3192,HHN,
CAPELLA_C09_SP_CPHD_HH_20240716090023_20240716090053,30.5,HV,KKO,19.398242,-155.266032,Keanakakoi Crater,IRISDMC,2024-07-16T09:00:22Z,2024-07-16T09:00:52Z,26112,1.5612,7.2498,HHN,
CAPELLA_C09_SP_CPHD_HH_20240716090023_20240716090053,30.5,HV,WRM,19.406623,-155.300005,West Rim Hawaii Digital,IRISDMC,2024-07-16T09:00:22Z,2024-07-16T09:00:52Z,24576,,,,no channel survived response removal
CAPELLA_C09_SP_CPHD_HH_20240716090023_20240716090053,30.5,HV,RIMD,19.395368,-155.273643,Caldera Rim Hawaii Digital,IRISDMC,2024-07-16T09:00:22Z,2024-07-16T09:00:52Z,23040,2.4388,9.2961,HHN,
CAPELLA_C09_SP_CPHD_HH_20240716090023_20240716090053,30.5,HV,SDH,19.390003,-155.293995,Sand Hill,IRISDMC,2024-07-16T09:00:22Z,2024-07-16T09:00:52Z,17408,1.4261,6.5976,HHE,
CAPELLA_C09_SP_CPHD_HH_20240716090023_20240716090053,30.5,HV,OTLD,19.386532,-155.281715,Outlet Digital,IRISDMC,2024-07-16T09:00:22Z,2024-07-16T09:00:52Z,15360,1.2948,5.8303,HHN,
CAPELLA_C10_SP_CPHD_HH_20240803004650_20240803004720,30.4,BK,ORV,39.554508,-121.500359,"Oroville Dam, Oroville, CA, USA",NCEDC,2024-08-03T00:46:51Z,2024-08-03T00:47:21Z,167936,34114508.5264,111383867.6442,LCE,
CAPELLA_C10_SP_CPHD_HH_20240609091921_20240609091951,30.0,HV,RIMD,19.395368,-155.273643,Caldera Rim Hawaii Digital,IRISDMC,2024-06-09T09:19:21Z,2024-06-09T09:19:50Z,24576,14.9788,50.4000,HHN,
CAPELLA_C10_SP_CPHD_HH_20240609091921_20240609091951,30.0,HV,KKO,19.398242,-155.266032,Keanakakoi Crater,IRISDMC,2024-06-09T09:19:21Z,2024-06-09T09:19:50Z,22528,2.8613,12.7675,HHE,
CAPELLA_C10_SP_CPHD_HH_20240609091921_20240609091951,30.0,HV,UWE,19.420972,-155.291162,Uwekahuna Vault Hawaii,IRISDMC,2024-06-09T09:19:21Z,2024-06-09T09:19:50Z,22528,3.6785,16.6132,HHE,
CAPELLA_C10_SP_CPHD_HH_20240609091921_20240609091951,30.0,HV,WRM,19.406623,-155.300005,West Rim Hawaii Digital,IRISDMC,2024-06-09T09:19:21Z,2024-06-09T09:19:50Z,14336,44.5045,159.0077,HHE,
CAPELLA_C10_SP_CPHD_HH_20240609091921_20240609091951,30.0,HV,SDH,19.390003,-155.293995,Sand Hill,IRISDMC,2024-06-09T09:19:21Z,2024-06-09T09:19:50Z,13824,2.2695,10.0394,HHE,
CAPELLA_C10_SP_CPHD_HH_20240609091921_20240609091951,30.0,HV,OTLD,19.386532,-155.281715,Outlet Digital,IRISDMC,2024-06-09T09:19:21Z,2024-06-09T09:19:50Z,13312,2.4108,10.1832,HHE,
CAPELLA_C10_SP_CPHD_HH_20240609091921_20240609091951,30.0,HV,UWB,19.42476,-155.277582,Uwekahuna Bluff Hawaii,IRISDMC,2024-06-09T09:19:21Z,2024-06-09T09:19:50Z,11776,8.4637,27.2592,HHN,
CAPELLA_C10_SP_CPHD_HH_20240627162715_20240627162745,29.9,HV,RIMD,19.395368,-155.273643,Caldera Rim Hawaii Digital,IRISDMC,2024-06-27T16:27:15Z,2024-06-27T16:27:44Z,24064,1.2489,5.0759,HHN,
CAPELLA_C10_SP_CPHD_HH_20240627162715_20240627162745,29.9,HV,UWE,19.420972,-155.291162,Uwekahuna Vault Hawaii,IRISDMC,2024-06-27T16:27:15Z,2024-06-27T16:27:44Z,22528,1.3681,6.3636,HHN,
CAPELLA_C10_SP_CPHD_HH_20240627162715_20240627162745,29.9,HV,KKO,19.398242,-155.266032,Keanakakoi Crater,IRISDMC,2024-06-27T16:27:15Z,2024-06-27T16:27:44Z,18944,1.2055,5.5070,HHN,
CAPELLA_C10_SP_CPHD_HH_20240627162715_20240627162745,29.9,HV,OTLD,19.386532,-155.281715,Outlet Digital,IRISDMC,2024-06-27T16:27:15Z,2024-06-27T16:27:44Z,14336,0.9410,4.2116,HHN,
CAPELLA_C10_SP_CPHD_HH_20240627162715_20240627162745,29.9,HV,SDH,19.390003,-155.293995,Sand Hill,IRISDMC,2024-06-27T16:27:15Z,2024-06-27T16:27:44Z,14336,0.8260,4.1813,HHE,
CAPELLA_C10_SP_CPHD_HH_20240627162715_20240627162745,29.9,HV,WRM,19.406623,-155.300005,West Rim Hawaii Digital,IRISDMC,2024-06-27T16:27:15Z,2024-06-27T16:27:44Z,12800,2.4147,10.7209,HHE,
CAPELLA_C10_SP_CPHD_HH_20240627162715_20240627162745,29.9,HV,UWB,19.42476,-155.277582,Uwekahuna Bluff Hawaii,IRISDMC,2024-06-27T16:27:15Z,2024-06-27T16:27:44Z,11776,33.6483,101.3141,HHE,
CAPELLA_C10_SP_CPHD_HH_20240612090414_20240612090444,29.8,HV,RIMD,19.395368,-155.273643,Caldera Rim Hawaii Digital,IRISDMC,2024-06-12T09:04:14Z,2024-06-12T09:04:43Z,25088,0.9459,4.3444,HHE,
CAPELLA_C10_SP_CPHD_HH_20240612090414_20240612090444,29.8,HV,UWE,19.420972,-155.291162,Uwekahuna Vault Hawaii,IRISDMC,2024-06-12T09:04:14Z,2024-06-12T09:04:43Z,19968,1.7563,8.4885,HHN,
CAPELLA_C10_SP_CPHD_HH_20240612090414_20240612090444,29.8,HV,KKO,19.398242,-155.266032,Keanakakoi Crater,IRISDMC,2024-06-12T09:04:14Z,2024-06-12T09:04:43Z,18944,1.3805,7.1743,HHN,
CAPELLA_C10_SP_CPHD_HH_20240612090414_20240612090444,29.8,HV,OTLD,19.386532,-155.281715,Outlet Digital,IRISDMC,2024-06-12T09:04:14Z,2024-06-12T09:04:43Z,13824,1.1121,4.5159,HHN,
CAPELLA_C10_SP_CPHD_HH_20240612090414_20240612090444,29.8,HV,WRM,19.406623,-155.300005,West Rim Hawaii Digital,IRISDMC,2024-06-12T09:04:14Z,2024-06-12T09:04:43Z,13312,19.8544,56.2885,HHZ,
CAPELLA_C10_SP_CPHD_HH_20240612090414_20240612090444,29.8,HV,HAT,19.423037,-155.26094,Halemaumau Trail,IRISDMC,2024-06-12T09:04:14Z,2024-06-12T09:04:43Z,12288,3.2233,10.4360,HHN,
CAPELLA_C10_SP_CPHD_HH_20240612090414_20240612090444,29.8,HV,UWB,19.42476,-155.277582,Uwekahuna Bluff Hawaii,IRISDMC,2024-06-12T09:04:14Z,2024-06-12T09:04:43Z,10240,2.0833,8.0539,HHN,
CAPELLA_C10_SP_CPHD_HH_20240612090414_20240612090444,29.8,HV,SBL,19.427078,-155.267682,Steam Bluff Hawaii,IRISDMC,2024-06-12T09:04:14Z,2024-06-12T09:04:43Z,7680,0.0021,0.0076,HHE,
CAPELLA_C09_SP_CPHD_HH_20240714174801_20240714174831,29.5,HV,UWB,19.42476,-155.277582,Uwekahuna Bluff Hawaii,IRISDMC,2024-07-14T17:48:01Z,2024-07-14T17:48:30Z,44544,749.2610,4607.6419,HHE,
CAPELLA_C09_SP_CPHD_HH_20240714174801_20240714174831,29.5,HV,BYL,19.412087,-155.259877,Byron's Ledge,IRISDMC,2024-07-14T17:48:01Z,2024-07-14T17:48:30Z,41472,64.3473,220.1938,HHN,
CAPELLA_C09_SP_CPHD_HH_20240714174801_20240714174831,29.5,HV,RIMD,19.395368,-155.273643,Caldera Rim Hawaii Digital,IRISDMC,2024-07-14T17:48:01Z,2024-07-14T17:48:30Z,27648,1.8362,9.3350,HHE,
CAPELLA_C09_SP_CPHD_HH_20240714174801_20240714174831,29.5,HV,WRM,19.406623,-155.300005,West Rim Hawaii Digital,IRISDMC,2024-07-14T17:48:01Z,2024-07-14T17:48:30Z,27648,,,,no channel survived response removal
CAPELLA_C09_SP_CPHD_HH_20240714174801_20240714174831,29.5,HV,KKO,19.398242,-155.266032,Keanakakoi Crater,IRISDMC,2024-07-14T17:48:01Z,2024-07-14T17:48:30Z,26624,1.3426,6.6954,HHN,
CAPELLA_C09_SP_CPHD_HH_20240605112941_20240605113010,29.5,HV,KKO,19.398242,-155.266032,Keanakakoi Crater,IRISDMC,2024-06-05T11:29:41Z,2024-06-05T11:30:10Z,24576,2.2811,11.1375,HHN,
CAPELLA_C09_SP_CPHD_HH_20240714174801_20240714174831,29.5,HV,UWE,19.420972,-155.291162,Uwekahuna Vault Hawaii,IRISDMC,2024-07-14T17:48:01Z,2024-07-14T17:48:30Z,24576,1.7837,8.0798,HHE,
CAPELLA_C09_SP_CPHD_HH_20240605112941_20240605113010,29.5,HV,UWE,19.420972,-155.291162,Uwekahuna Vault Hawaii,IRISDMC,2024-06-05T11:29:41Z,2024-06-05T11:30:10Z,22016,3.1632,14.0793,HHN,
CAPELLA_C09_SP_CPHD_HH_20240605112941_20240605113010,29.5,HV,RIMD,19.395368,-155.273643,Caldera Rim Hawaii Digital,IRISDMC,2024-06-05T11:29:41Z,2024-06-05T11:30:10Z,20992,5.8673,21.4035,HHN,
CAPELLA_C09_SP_CPHD_HH_20240714174801_20240714174831,29.5,HV,OTLD,19.386532,-155.281715,Outlet Digital,IRISDMC,2024-07-14T17:48:01Z,2024-07-14T17:48:30Z,18432,1.2732,6.2986,HHE,
CAPELLA_C09_SP_CPHD_HH_20240714174801_20240714174831,29.5,HV,SDH,19.390003,-155.293995,Sand Hill,IRISDMC,2024-07-14T17:48:01Z,2024-07-14T17:48:30Z,18432,1.4151,6.8235,HHE,
CAPELLA_C09_SP_CPHD_HH_20240605112941_20240605113010,29.5,HV,SDH,19.390003,-155.293995,Sand Hill,IRISDMC,2024-06-05T11:29:41Z,2024-06-05T11:30:10Z,14848,2.4002,8.6706,HHN,
CAPELLA_C09_SP_CPHD_HH_20240605112941_20240605113010,29.5,HV,OTLD,19.386532,-155.281715,Outlet Digital,IRISDMC,2024-06-05T11:29:41Z,2024-06-05T11:30:10Z,14336,2.1885,8.4072,HHN,
CAPELLA_C09_SP_CPHD_HH_20240605112941_20240605113010,29.5,HV,WRM,19.406623,-155.300005,West Rim Hawaii Digital,IRISDMC,2024-06-05T11:29:41Z,2024-06-05T11:30:10Z,13824,3.3458,15.3461,HHE,
CAPELLA_C09_SP_CPHD_HH_20240605112941_20240605113010,29.5,HV,UWB,19.42476,-155.277582,Uwekahuna Bluff Hawaii,IRISDMC,2024-06-05T11:29:41Z,2024-06-05T11:30:10Z,11776,13.1356,47.7693,HHE,
CAPELLA_C10_SP_CPHD_HH_20240713094741_20240713094811,29.3,HV,UWB,19.42476,-155.277582,Uwekahuna Bluff Hawaii,IRISDMC,2024-07-13T09:47:42Z,2024-07-13T09:48:11Z,44032,1218.1094,6130.3468,HHZ,
CAPELLA_C10_SP_CPHD_HH_20240713094741_20240713094811,29.3,HV,RIMD,19.395368,-155.273643,Caldera Rim Hawaii Digital,IRISDMC,2024-07-13T09:47:42Z,2024-07-13T09:48:11Z,28672,2.0268,7.5454,HHN,
CAPELLA_C10_SP_CPHD_HH_20240713094741_20240713094811,29.3,HV,KKO,19.398242,-155.266032,Keanakakoi Crater,IRISDMC,2024-07-13T09:47:42Z,2024-07-13T09:48:11Z,26624,1.1620,4.9138,HHE,
CAPELLA_C10_SP_CPHD_HH_20240713094741_20240713094811,29.3,HV,UWE,19.420972,-155.291162,Uwekahuna Vault Hawaii,IRISDMC,2024-07-13T09:47:42Z,2024-07-13T09:48:11Z,24576,2.5981,12.4454,HHN,
CAPELLA_C10_SP_CPHD_HH_20240713094741_20240713094811,29.3,HV,WRM,19.406623,-155.300005,West Rim Hawaii Digital,IRISDMC,2024-07-13T09:47:42Z,2024-07-13T09:48:11Z,24064,,,,no channel survived response removal
CAPELLA_C10_SP_CPHD_HH_20240713094741_20240713094811,29.3,HV,OTLD,19.386532,-155.281715,Outlet Digital,IRISDMC,2024-07-13T09:47:42Z,2024-07-13T09:48:11Z,16384,1.1395,5.8796,HHE,
CAPELLA_C10_SP_CPHD_HH_20240713094741_20240713094811,29.3,HV,SDH,19.390003,-155.293995,Sand Hill,IRISDMC,2024-07-13T09:47:42Z,2024-07-13T09:48:11Z,13312,1.5905,7.5381,HHE,
CAPELLA_C14_SP_CPHD_HH_20240709040329_20240709040358,29.1,IV,ECNE,37.7653,15.0018,ECNE,INGV,2024-07-09T04:03:57Z,2024-07-09T04:04:26Z,29696,0.5299,2.8319,HHE,
CAPELLA_C14_SP_CPHD_HH_20240709040329_20240709040358,29.1,IV,EBCN,37.752,14.9858,Etna Bocca Nuova,INGV,2024-07-09T04:03:57Z,2024-07-09T04:04:26Z,27648,0.4880,2.8957,HHN,
CAPELLA_C14_SP_CPHD_HH_20240709040329_20240709040358,29.1,IV,EPLC,37.7651,14.9857,Etna Punta Lucia,INGV,2024-07-09T04:03:57Z,2024-07-09T04:04:26Z,26112,0.4714,2.5436,HHN,
CAPELLA_C14_SP_CPHD_HH_20240709040329_20240709040358,29.1,IV,ECPN,37.7437,14.9865,Etna Cratere del Piano,INGV,2024-07-09T04:03:57Z,2024-07-09T04:04:26Z,22528,0.6947,3.7949,HHE,
CAPELLA_C09_SP_CPHD_HH_20240614221859_20240614221928,29.0,HV,RIMD,19.395368,-155.273643,Caldera Rim Hawaii Digital,IRISDMC,2024-06-14T22:18:59Z,2024-06-14T22:19:27Z,24064,1.7576,7.3340,HHE,
CAPELLA_C09_SP_CPHD_HH_20240614221859_20240614221928,29.0,HV,KKO,19.398242,-155.266032,Keanakakoi Crater,IRISDMC,2024-06-14T22:18:59Z,2024-06-14T22:19:27Z,23040,1.7399,7.1891,HHE,
CAPELLA_C09_SP_CPHD_HH_20240614221859_20240614221928,29.0,HV,UWE,19.420972,-155.291162,Uwekahuna Vault Hawaii,IRISDMC,2024-06-14T22:18:59Z,2024-06-14T22:19:27Z,21504,2.1802,9.8404,HHN,
CAPELLA_C09_SP_CPHD_HH_20240614221859_20240614221928,29.0,HV,WRM,19.406623,-155.300005,West Rim Hawaii Digital,IRISDMC,2024-06-14T22:18:59Z,2024-06-14T22:19:27Z,16384,47.0125,149.3039,HHZ,
CAPELLA_C09_SP_CPHD_HH_20240614221859_20240614221928,29.0,HV,OTLD,19.386532,-155.281715,Outlet Digital,IRISDMC,2024-06-14T22:18:59Z,2024-06-14T22:19:27Z,14848,1.5925,8.3934,HHN,
CAPELLA_C09_SP_CPHD_HH_20240614221859_20240614221928,29.0,HV,SDH,19.390003,-155.293995,Sand Hill,IRISDMC,2024-06-14T22:18:59Z,2024-06-14T22:19:27Z,14848,1.7353,7.8841,HHE,
CAPELLA_C09_SP_CPHD_HH_20240614221859_20240614221928,29.0,HV,UWB,19.42476,-155.277582,Uwekahuna Bluff Hawaii,IRISDMC,2024-06-14T22:18:59Z,2024-06-14T22:19:27Z,11264,23.2865,65.2597,HHE,
CAPELLA_C14_SP_CPHD_HH_20240623052958_20240623053027,28.8,HV,RIMD,19.395368,-155.273643,Caldera Rim Hawaii Digital,IRISDMC,2024-06-23T05:30:27Z,2024-06-23T05:30:55Z,23040,1.2490,5.5183,HHN,
CAPELLA_C14_SP_CPHD_HH_20240620064136_20240620064205,28.8,HV,RIMD,19.395368,-155.273643,Caldera Rim Hawaii Digital,IRISDMC,2024-06-20T06:42:05Z,2024-06-20T06:42:33Z,21504,1.6381,8.2231,HHE,
CAPELLA_C14_SP_CPHD_HH_20240617075329_20240617075357,28.8,HV,UWE,19.420972,-155.291162,Uwekahuna Vault Hawaii,IRISDMC,2024-06-17T07:53:57Z,2024-06-17T07:54:25Z,19968,1.7599,6.7472,HHE,
CAPELLA_C14_SP_CPHD_HH_20240623052958_20240623053027,28.8,HV,KKO,19.398242,-155.266032,Keanakakoi Crater,IRISDMC,2024-06-23T05:30:27Z,2024-06-23T05:30:55Z,19968,1.1615,5.9859,HHN,
CAPELLA_C14_SP_CPHD_HH_20240617075329_20240617075357,28.8,HV,RIMD,19.395368,-155.273643,Caldera Rim Hawaii Digital,IRISDMC,2024-06-17T07:53:57Z,2024-06-17T07:54:25Z,19456,1.4401,6.3434,HHN,
CAPELLA_C14_SP_CPHD_HH_20240620064136_20240620064205,28.8,HV,UWE,19.420972,-155.291162,Uwekahuna Vault Hawaii,IRISDMC,2024-06-20T06:42:05Z,2024-06-20T06:42:33Z,19456,1.6496,6.8472,HHN,
CAPELLA_C14_SP_CPHD_HH_20240623052958_20240623053027,28.8,HV,UWE,19.420972,-155.291162,Uwekahuna Vault Hawaii,IRISDMC,2024-06-23T05:30:27Z,2024-06-23T05:30:55Z,18944,1.4473,5.9852,HHE,
CAPELLA_C14_SP_CPHD_HH_20240617075329_20240617075357,28.8,HV,KKO,19.398242,-155.266032,Keanakakoi Crater,IRISDMC,2024-06-17T07:53:57Z,2024-06-17T07:54:25Z,18432,1.3160,6.4255,HHN,
CAPELLA_C14_SP_CPHD_HH_20240620064136_20240620064205,28.8,HV,KKO,19.398242,-155.266032,Keanakakoi Crater,IRISDMC,2024-06-20T06:42:05Z,2024-06-20T06:42:33Z,18432,1.3945,6.3208,HHN,
CAPELLA_C14_SP_CPHD_HH_20240620064136_20240620064205,28.8,HV,SDH,19.390003,-155.293995,Sand Hill,IRISDMC,2024-06-20T06:42:05Z,2024-06-20T06:42:33Z,13312,0.9169,4.0404,HHE,
CAPELLA_C14_SP_CPHD_HH_20240623052958_20240623053027,28.8,HV,OTLD,19.386532,-155.281715,Outlet Digital,IRISDMC,2024-06-23T05:30:27Z,2024-06-23T05:30:55Z,13312,1.0091,4.7558,HHN,
CAPELLA_C14_SP_CPHD_HH_20240617075329_20240617075357,28.8,HV,SDH,19.390003,-155.293995,Sand Hill,IRISDMC,2024-06-17T07:53:57Z,2024-06-17T07:54:25Z,12800,1.0476,5.5842,HHN,
CAPELLA_C14_SP_CPHD_HH_20240623052958_20240623053027,28.8,HV,SDH,19.390003,-155.293995,Sand Hill,IRISDMC,2024-06-23T05:30:27Z,2024-06-23T05:30:55Z,12800,1.1141,5.2086,HHE,
CAPELLA_C14_SP_CPHD_HH_20240620064136_20240620064205,28.8,HV,OTLD,19.386532,-155.281715,Outlet Digital,IRISDMC,2024-06-20T06:42:05Z,2024-06-20T06:42:33Z,12288,0.9059,4.3086,HHE,
CAPELLA_C14_SP_CPHD_HH_20240620064136_20240620064205,28.8,HV,WRM,19.406623,-155.300005,West Rim Hawaii Digital,IRISDMC,2024-06-20T06:42:05Z,2024-06-20T06:42:33Z,12288,2.9713,12.8259,HHE,
CAPELLA_C14_SP_CPHD_HH_20240623052958_20240623053027,28.8,HV,WRM,19.406623,-155.300005,West Rim Hawaii Digital,IRISDMC,2024-06-23T05:30:27Z,2024-06-23T05:30:55Z,11776,2.8276,15.1033,HHE,
CAPELLA_C14_SP_CPHD_HH_20240617075329_20240617075357,28.8,HV,WRM,19.406623,-155.300005,West Rim Hawaii Digital,IRISDMC,2024-06-17T07:53:57Z,2024-06-17T07:54:25Z,11264,2.8499,11.6081,HHE,
CAPELLA_C14_SP_CPHD_HH_20240617075329_20240617075357,28.8,HV,OTLD,19.386532,-155.281715,Outlet Digital,IRISDMC,2024-06-17T07:53:57Z,2024-06-17T07:54:25Z,10752,1.4384,6.9292,HHN,
CAPELLA_C14_SP_CPHD_HH_20240620064136_20240620064205,28.8,HV,UWB,19.42476,-155.277582,Uwekahuna Bluff Hawaii,IRISDMC,2024-06-20T06:42:05Z,2024-06-20T06:42:33Z,10752,23.4701,92.3366,HHN,
CAPELLA_C14_SP_CPHD_HH_20240623052958_20240623053027,28.8,HV,UWB,19.42476,-155.277582,Uwekahuna Bluff Hawaii,IRISDMC,2024-06-23T05:30:27Z,2024-06-23T05:30:55Z,10752,11.7611,43.5651,HHE,
CAPELLA_C14_SP_CPHD_HH_20240617075329_20240617075357,28.8,HV,UWB,19.42476,-155.277582,Uwekahuna Bluff Hawaii,IRISDMC,2024-06-17T07:53:57Z,2024-06-17T07:54:25Z,10240,15.1859,44.1485,HHN,
CAPELLA_C14_SP_CPHD_HH_20240626041819_20240626041848,28.7,HV,UWE,19.420972,-155.291162,Uwekahuna Vault Hawaii,IRISDMC,2024-06-26T04:18:48Z,2024-06-26T04:19:16Z,25600,1.4399,6.3479,HHN,
CAPELLA_C14_SP_CPHD_HH_20240614090521_20240614090549,28.7,HV,RIMD,19.395368,-155.273643,Caldera Rim Hawaii Digital,IRISDMC,2024-06-14T09:05:49Z,2024-06-14T09:06:17Z,23552,2.0357,8.8415,HHN,
CAPELLA_C14_SP_CPHD_HH_20240614090521_20240614090549,28.7,HV,KKO,19.398242,-155.266032,Keanakakoi Crater,IRISDMC,2024-06-14T09:05:49Z,2024-06-14T09:06:17Z,21504,1.6516,6.6555,HHN,
CAPELLA_C14_SP_CPHD_HH_20240614090521_20240614090549,28.7,HV,UWE,19.420972,-155.291162,Uwekahuna Vault Hawaii,IRISDMC,2024-06-14T09:05:49Z,2024-06-14T09:06:17Z,20480,1.9720,11.6621,HHN,
CAPELLA_C14_SP_CPHD_HH_20240626041819_20240626041848,28.7,HV,RIMD,19.395368,-155.273643,Caldera Rim Hawaii Digital,IRISDMC,2024-06-26T04:18:48Z,2024-06-26T04:19:16Z,19968,1.3313,7.1731,HHE,
CAPELLA_C14_SP_CPHD_HH_20240626041819_20240626041848,28.7,HV,KKO,19.398242,-155.266032,Keanakakoi Crater,IRISDMC,2024-06-26T04:18:48Z,2024-06-26T04:19:16Z,19456,1.3540,6.3036,HHE,
CAPELLA_C14_SP_CPHD_HH_20240614090521_20240614090549,28.7,HV,WRM,19.406623,-155.300005,West Rim Hawaii Digital,IRISDMC,2024-06-14T09:05:49Z,2024-06-14T09:06:17Z,15360,28.7062,115.5088,HHZ,
CAPELLA_C14_SP_CPHD_HH_20240626041819_20240626041848,28.7,HV,BYL,19.412087,-155.259877,Byron's Ledge,IRISDMC,2024-06-26T04:18:48Z,2024-06-26T04:19:16Z,13824,0.7337,3.4500,HHZ,
CAPELLA_C14_SP_CPHD_HH_20240614090521_20240614090549,28.7,HV,OTLD,19.386532,-155.281715,Outlet Digital,IRISDMC,2024-06-14T09:05:49Z,2024-06-14T09:06:17Z,13312,1.3089,5.9472,HHN,
CAPELLA_C14_SP_CPHD_HH_20240614090521_20240614090549,28.7,HV,SDH,19.390003,-155.293995,Sand Hill,IRISDMC,2024-06-14T09:05:49Z,2024-06-14T09:06:17Z,12800,1.4494,6.0234,HHE,
CAPELLA_C14_SP_CPHD_HH_20240626041819_20240626041848,28.7,HV,SDH,19.390003,-155.293995,Sand Hill,IRISDMC,2024-06-26T04:18:48Z,2024-06-26T04:19:16Z,12800,1.1528,5.8342,HHE,
CAPELLA_C14_SP_CPHD_HH_20240626041819_20240626041848,28.7,HV,OTLD,19.386532,-155.281715,Outlet Digital,IRISDMC,2024-06-26T04:18:48Z,2024-06-26T04:19:16Z,11776,1.0750,5.2631,HHE,
CAPELLA_C14_SP_CPHD_HH_20240626041819_20240626041848,28.7,HV,WRM,19.406623,-155.300005,West Rim Hawaii Digital,IRISDMC,2024-06-26T04:18:48Z,2024-06-26T04:19:16Z,11776,20.6154,68.8996,HHE,
CAPELLA_C14_SP_CPHD_HH_20240626041819_20240626041848,28.7,HV,UWB,19.42476,-155.277582,Uwekahuna Bluff Hawaii,IRISDMC,2024-06-26T04:18:48Z,2024-06-26T04:19:16Z,9728,5.5293,20.5286,HHE,
CAPELLA_C14_SP_CPHD_HH_20240626041819_20240626041848,28.7,HV,SBL,19.427078,-155.267682,Steam Bluff Hawaii,IRISDMC,2024-06-26T04:18:48Z,2024-06-26T04:19:16Z,7680,0.0010,0.0044,HHN,
CAPELLA_C14_SP_CPHD_HH_20240703155839_20240703155908,28.3,HV,UWB,19.42476,-155.277582,Uwekahuna Bluff Hawaii,IRISDMC,2024-07-03T15:59:08Z,2024-07-03T15:59:36Z,42496,1736.5954,8084.9781,HHN,
CAPELLA_C09_SP_CPHD_HH_20240620194700_20240620194728,28.3,HV,KKO,19.398242,-155.266032,Keanakakoi Crater,IRISDMC,2024-06-20T19:47:00Z,2024-06-20T19:47:28Z,24064,1.2195,5.7844,HHN,
CAPELLA_C09_SP_CPHD_HH_20240620194700_20240620194728,28.3,HV,RIMD,19.395368,-155.273643,Caldera Rim Hawaii Digital,IRISDMC,2024-06-20T19:47:00Z,2024-06-20T19:47:28Z,23040,1.2112,5.2878,HHN,
CAPELLA_C09_SP_CPHD_HH_20240620194700_20240620194728,28.3,HV,UWE,19.420972,-155.291162,Uwekahuna Vault Hawaii,IRISDMC,2024-06-20T19:47:00Z,2024-06-20T19:47:28Z,23040,2.0175,8.9821,HHE,
CAPELLA_C14_SP_CPHD_HH_20240703155839_20240703155908,28.3,HV,UWE,19.420972,-155.291162,Uwekahuna Vault Hawaii,IRISDMC,2024-07-03T15:59:08Z,2024-07-03T15:59:36Z,19456,1.4979,6.3743,HHE,
CAPELLA_C14_SP_CPHD_HH_20240703155839_20240703155908,28.3,HV,RIMD,19.395368,-155.273643,Caldera Rim Hawaii Digital,IRISDMC,2024-07-03T15:59:08Z,2024-07-03T15:59:36Z,17920,1.3587,5.2069,HHE,
CAPELLA_C14_SP_CPHD_HH_20240703155839_20240703155908,28.3,HV,KKO,19.398242,-155.266032,Keanakakoi Crater,IRISDMC,2024-07-03T15:59:08Z,2024-07-03T15:59:36Z,17408,1.0816,5.2447,HHN,
CAPELLA_C09_SP_CPHD_HH_20240620194700_20240620194728,28.3,HV,WRM,19.406623,-155.300005,West Rim Hawaii Digital,IRISDMC,2024-06-20T19:47:00Z,2024-06-20T19:47:28Z,13312,4.5592,21.7318,HHE,
CAPELLA_C09_SP_CPHD_HH_20240620194700_20240620194728,28.3,HV,OTLD,19.386532,-155.281715,Outlet Digital,IRISDMC,2024-06-20T19:47:00Z,2024-06-20T19:47:28Z,12800,1.1327,6.1408,HHN,
CAPELLA_C09_SP_CPHD_HH_20240620194700_20240620194728,28.3,HV,SDH,19.390003,-155.293995,Sand Hill,IRISDMC,2024-06-20T19:47:00Z,2024-06-20T19:47:28Z,12800,1.3078,6.8492,HHE,
CAPELLA_C09_SP_CPHD_HH_20240620194700_20240620194728,28.3,HV,UWB,19.42476,-155.277582,Uwekahuna Bluff Hawaii,IRISDMC,2024-06-20T19:47:00Z,2024-06-20T19:47:28Z,11264,17.6466,56.2678,HHE,
CAPELLA_C14_SP_CPHD_HH_20240703155839_20240703155908,28.3,HV,SDH,19.390003,-155.293995,Sand Hill,IRISDMC,2024-07-03T15:59:08Z,2024-07-03T15:59:36Z,10752,0.8340,3.6554,HHN,
CAPELLA_C14_SP_CPHD_HH_20240703155839_20240703155908,28.3,HV,WRM,19.406623,-155.300005,West Rim Hawaii Digital,IRISDMC,2024-07-03T15:59:08Z,2024-07-03T15:59:36Z,10240,2.9968,13.1470,HHE,
CAPELLA_C14_SP_CPHD_HH_20240703155839_20240703155908,28.3,HV,OTLD,19.386532,-155.281715,Outlet Digital,IRISDMC,2024-07-03T15:59:08Z,2024-07-03T15:59:36Z,9728,0.9104,3.7840,HHN,
CAPELLA_C14_SP_CPHD_HH_20240709133511_20240709133539,28.2,HV,UWB,19.42476,-155.277582,Uwekahuna Bluff Hawaii,IRISDMC,2024-07-09T13:35:39Z,2024-07-09T13:36:07Z,43520,1265.6766,5771.6818,HHZ,
CAPELLA_C14_SP_CPHD_HH_20240630171031_20240630171100,28.2,HV,UWB,19.42476,-155.277582,Uwekahuna Bluff Hawaii,IRISDMC,2024-06-30T17:10:59Z,2024-06-30T17:11:27Z,43008,1219.2188,5754.8061,HHN,
CAPELLA_C14_SP_CPHD_HH_20240712122324_20240712122353,28.2,HV,UWB,19.42476,-155.277582,Uwekahuna Bluff Hawaii,IRISDMC,2024-07-12T12:23:53Z,2024-07-12T12:24:21Z,43008,1140.3391,5923.2879,HHZ,
CAPELLA_C14_SP_CPHD_HH_20240715111140_20240715111208,28.2,HV,UWB,19.42476,-155.277582,Uwekahuna Bluff Hawaii,IRISDMC,2024-07-15T11:12:08Z,2024-07-15T11:12:36Z,42496,1540.3525,8175.3555,HHZ,
CAPELLA_C14_SP_CPHD_HH_20240627182210_20240627182238,28.2,HV,BYL,19.412087,-155.259877,Byron's Ledge,IRISDMC,2024-06-27T18:22:39Z,2024-06-27T18:23:07Z,39936,45.6104,205.6827,HHN,
CAPELLA_C14_SP_CPHD_HH_20240712122324_20240712122353,28.2,HV,RIMD,19.395368,-155.273643,Caldera Rim Hawaii Digital,IRISDMC,2024-07-12T12:23:53Z,2024-07-12T12:24:21Z,28160,2.8295,10.6886,HHN,
CAPELLA_C14_SP_CPHD_HH_20240610013244_20240610013313,28.2,HV,RIMD,19.395368,-155.273643,Caldera Rim Hawaii Digital,IRISDMC,2024-06-10T01:33:13Z,2024-06-10T01:33:41Z,26624,1.4858,6.3994,HHE,
CAPELLA_C14_SP_CPHD_HH_20240715111140_20240715111208,28.2,HV,KKO,19.398242,-155.266032,Keanakakoi Crater,IRISDMC,2024-07-15T11:12:08Z,2024-07-15T11:12:36Z,26112,1.1614,4.9698,HHN,
CAPELLA_C14_SP_CPHD_HH_20240610013244_20240610013313,28.2,HV,KKO,19.398242,-155.266032,Keanakakoi Crater,IRISDMC,2024-06-10T01:33:13Z,2024-06-10T01:33:41Z,25600,3.0662,14.5903,HHN,
CAPELLA_C14_SP_CPHD_HH_20240627182210_20240627182238,28.2,HV,UWE,19.420972,-155.291162,Uwekahuna Vault Hawaii,IRISDMC,2024-06-27T18:22:39Z,2024-06-27T18:23:07Z,25600,2.1800,8.8352,HHN,
CAPELLA_C14_SP_CPHD_HH_20240604035617_20240604035645,28.2,HV,KKO,19.398242,-155.266032,Keanakakoi Crater,IRISDMC,2024-06-04T03:56:45Z,2024-06-04T03:57:13Z,25088,2.0158,10.1103,HHN,
CAPELLA_C14_SP_CPHD_HH_20240715111140_20240715111208,28.2,HV,RIMD,19.395368,-155.273643,Caldera Rim Hawaii Digital,IRISDMC,2024-07-15T11:12:08Z,2024-07-15T11:12:36Z,24576,2.1540,9.8063,HHN,
CAPELLA_C14_SP_CPHD_HH_20240610013244_20240610013313,28.2,HV,UWE,19.420972,-155.291162,Uwekahuna Vault Hawaii,IRISDMC,2024-06-10T01:33:13Z,2024-06-10T01:33:41Z,24064,2.7592,11.8784,HHE,
CAPELLA_C14_SP_CPHD_HH_20240715111140_20240715111208,28.2,HV,WRM,19.406623,-155.300005,West Rim Hawaii Digital,IRISDMC,2024-07-15T11:12:08Z,2024-07-15T11:12:36Z,24064,,,,no channel survived response removal
CAPELLA_C14_SP_CPHD_HH_20240604035617_20240604035645,28.2,HV,UWE,19.420972,-155.291162,Uwekahuna Vault Hawaii,IRISDMC,2024-06-04T03:56:45Z,2024-06-04T03:57:13Z,23552,2.1154,8.9367,HHN,
CAPELLA_C14_SP_CPHD_HH_20240604035617_20240604035645,28.2,HV,RIMD,19.395368,-155.273643,Caldera Rim Hawaii Digital,IRISDMC,2024-06-04T03:56:45Z,2024-06-04T03:57:13Z,23040,2.7691,10.6242,HHN,
CAPELLA_C14_SP_CPHD_HH_20240709133511_20240709133539,28.2,HV,RIMD,19.395368,-155.273643,Caldera Rim Hawaii Digital,IRISDMC,2024-07-09T13:35:39Z,2024-07-09T13:36:07Z,23040,1.6924,8.1162,HHE,
CAPELLA_C14_SP_CPHD_HH_20240627182210_20240627182238,28.2,HV,RIMD,19.395368,-155.273643,Caldera Rim Hawaii Digital,IRISDMC,2024-06-27T18:22:39Z,2024-06-27T18:23:07Z,22528,1.0860,4.5814,HHE,
CAPELLA_C14_SP_CPHD_HH_20240715111140_20240715111208,28.2,HV,UWE,19.420972,-155.291162,Uwekahuna Vault Hawaii,IRISDMC,2024-07-15T11:12:08Z,2024-07-15T11:12:36Z,22016,3.1302,13.2193,HHN,
CAPELLA_C14_SP_CPHD_HH_20240630171031_20240630171100,28.2,HV,UWE,19.420972,-155.291162,Uwekahuna Vault Hawaii,IRISDMC,2024-06-30T17:10:59Z,2024-06-30T17:11:27Z,20480,1.1064,4.9325,HHE,
CAPELLA_C14_SP_CPHD_HH_20240709133511_20240709133539,28.2,HV,KKO,19.398242,-155.266032,Keanakakoi Crater,IRISDMC,2024-07-09T13:35:39Z,2024-07-09T13:36:07Z,20480,1.2876,6.8176,HHN,
CAPELLA_C14_SP_CPHD_HH_20240627182210_20240627182238,28.2,HV,KKO,19.398242,-155.266032,Keanakakoi Crater,IRISDMC,2024-06-27T18:22:39Z,2024-06-27T18:23:07Z,19968,1.0334,4.7135,HHN,
CAPELLA_C14_SP_CPHD_HH_20240630171031_20240630171100,28.2,HV,RIMD,19.395368,-155.273643,Caldera Rim Hawaii Digital,IRISDMC,2024-06-30T17:10:59Z,2024-06-30T17:11:27Z,19456,0.8070,4.3924,HHN,
CAPELLA_C14_SP_CPHD_HH_20240607024429_20240607024457,28.2,HV,UWE,19.420972,-155.291162,Uwekahuna Vault Hawaii,IRISDMC,2024-06-07T02:44:57Z,2024-06-07T02:45:25Z,19456,2.2846,11.2536,HHN,
CAPELLA_C14_SP_CPHD_HH_20240712122324_20240712122353,28.2,HV,KKO,19.398242,-155.266032,Keanakakoi Crater,IRISDMC,2024-07-12T12:23:53Z,2024-07-12T12:24:21Z,19456,1.2730,6.3166,HHN,
CAPELLA_C14_SP_CPHD_HH_20240712122324_20240712122353,28.2,HV,UWE,19.420972,-155.291162,Uwekahuna Vault Hawaii,IRISDMC,2024-07-12T12:23:53Z,2024-07-12T12:24:21Z,19456,2.1559,9.9626,HHE,
CAPELLA_C14_SP_CPHD_HH_20240712122324_20240712122353,28.2,HV,WRM,19.406623,-155.300005,West Rim Hawaii Digital,IRISDMC,2024-07-12T12:23:53Z,2024-07-12T12:24:21Z,19456,,,,no channel survived response removal
CAPELLA_C14_SP_CPHD_HH_20240709133511_20240709133539,28.2,HV,UWE,19.420972,-155.291162,Uwekahuna Vault Hawaii,IRISDMC,2024-07-09T13:35:39Z,2024-07-09T13:36:07Z,19456,2.0601,8.4295,HHN,
CAPELLA_C14_SP_CPHD_HH_20240607024429_20240607024457,28.2,HV,KKO,19.398242,-155.266032,Keanakakoi Crater,IRISDMC,2024-06-07T02:44:57Z,2024-06-07T02:45:25Z,18944,2.6604,10.3855,HHN,
CAPELLA_C14_SP_CPHD_HH_20240607024429_20240607024457,28.2,HV,RIMD,19.395368,-155.273643,Caldera Rim Hawaii Digital,IRISDMC,2024-06-07T02:44:57Z,2024-06-07T02:45:25Z,18944,3.4509,13.9273,HHN,
CAPELLA_C14_SP_CPHD_HH_20240630171031_20240630171100,28.2,HV,KKO,19.398242,-155.266032,Keanakakoi Crater,IRISDMC,2024-06-30T17:10:59Z,2024-06-30T17:11:27Z,17920,0.8021,4.0577,HHN,
CAPELLA_C14_SP_CPHD_HH_20240604035617_20240604035645,28.2,HV,SDH,19.390003,-155.293995,Sand Hill,IRISDMC,2024-06-04T03:56:45Z,2024-06-04T03:57:13Z,16896,1.6892,7.7533,HHE,
CAPELLA_C14_SP_CPHD_HH_20240627182210_20240627182238,28.2,HV,SDH,19.390003,-155.293995,Sand Hill,IRISDMC,2024-06-27T18:22:39Z,2024-06-27T18:23:07Z,15360,0.8787,3.8530,HHN,
CAPELLA_C14_SP_CPHD_HH_20240627182210_20240627182238,28.2,HV,OTLD,19.386532,-155.281715,Outlet Digital,IRISDMC,2024-06-27T18:22:39Z,2024-06-27T18:23:07Z,14848,0.8782,3.3513,HHN,
CAPELLA_C14_SP_CPHD_HH_20240604035617_20240604035645,28.2,HV,OTLD,19.386532,-155.281715,Outlet Digital,IRISDMC,2024-06-04T03:56:45Z,2024-06-04T03:57:13Z,14848,1.6931,7.6857,HHN,
CAPELLA_C14_SP_CPHD_HH_20240604035617_20240604035645,28.2,HV,WRM,19.406623,-155.300005,West Rim Hawaii Digital,IRISDMC,2024-06-04T03:56:45Z,2024-06-04T03:57:13Z,14848,2.8276,11.0729,HHE,
CAPELLA_C14_SP_CPHD_HH_20240715111140_20240715111208,28.2,HV,OTLD,19.386532,-155.281715,Outlet Digital,IRISDMC,2024-07-15T11:12:08Z,2024-07-15T11:12:36Z,14848,0.9058,4.1781,HHN,
CAPELLA_C14_SP_CPHD_HH_20240610013244_20240610013313,28.2,HV,OTLD,19.386532,-155.281715,Outlet Digital,IRISDMC,2024-06-10T01:33:13Z,2024-06-10T01:33:41Z,14336,2.1647,9.1258,HHN,
CAPELLA_C14_SP_CPHD_HH_20240610013244_20240610013313,28.2,HV,SDH,19.390003,-155.293995,Sand Hill,IRISDMC,2024-06-10T01:33:13Z,2024-06-10T01:33:41Z,14336,2.2309,10.6593,HHE,
CAPELLA_C14_SP_CPHD_HH_20240610013244_20240610013313,28.2,HV,UWB,19.42476,-155.277582,Uwekahuna Bluff Hawaii,IRISDMC,2024-06-10T01:33:13Z,2024-06-10T01:33:41Z,14336,38.2335,162.0554,HHE,
CAPELLA_C14_SP_CPHD_HH_20240715111140_20240715111208,28.2,HV,SDH,19.390003,-155.293995,Sand Hill,IRISDMC,2024-07-15T11:12:08Z,2024-07-15T11:12:36Z,14336,0.9356,4.4530,HHN,
CAPELLA_C14_SP_CPHD_HH_20240627182210_20240627182238,28.2,HV,WRM,19.406623,-155.300005,West Rim Hawaii Digital,IRISDMC,2024-06-27T18:22:39Z,2024-06-27T18:23:07Z,13824,3.0959,14.3491,HHE,
CAPELLA_C14_SP_CPHD_HH_20240709133511_20240709133539,28.2,HV,OTLD,19.386532,-155.281715,Outlet Digital,IRISDMC,2024-07-09T13:35:39Z,2024-07-09T13:36:07Z,13824,1.2273,6.9081,HHN,
CAPELLA_C14_SP_CPHD_HH_20240709133511_20240709133539,28.2,HV,SDH,19.390003,-155.293995,Sand Hill,IRISDMC,2024-07-09T13:35:39Z,2024-07-09T13:36:07Z,13824,1.2825,6.2528,HHN,
CAPELLA_C14_SP_CPHD_HH_20240709133511_20240709133539,28.2,HV,WRM,19.406623,-155.300005,West Rim Hawaii Digital,IRISDMC,2024-07-09T13:35:39Z,2024-07-09T13:36:07Z,13824,3.8017,16.6680,HHE,
CAPELLA_C14_SP_CPHD_HH_20240610013244_20240610013313,28.2,HV,WRM,19.406623,-155.300005,West Rim Hawaii Digital,IRISDMC,2024-06-10T01:33:13Z,2024-06-10T01:33:41Z,12800,6.2841,28.2983,HHE,
CAPELLA_C14_SP_CPHD_HH_20240630171031_20240630171100,28.2,HV,SDH,19.390003,-155.293995,Sand Hill,IRISDMC,2024-06-30T17:10:59Z,2024-06-30T17:11:27Z,12288,0.7604,3.4460,HHE,
CAPELLA_C14_SP_CPHD_HH_20240607024429_20240607024457,28.2,HV,WRM,19.406623,-155.300005,West Rim Hawaii Digital,IRISDMC,2024-06-07T02:44:57Z,2024-06-07T02:45:25Z,12288,3.4589,13.8899,HHE,
CAPELLA_C14_SP_CPHD_HH_20240712122324_20240712122353,28.2,HV,SDH,19.390003,-155.293995,Sand Hill,IRISDMC,2024-07-12T12:23:53Z,2024-07-12T12:24:21Z,12288,0.8812,3.9181,HHN,
CAPELLA_C14_SP_CPHD_HH_20240627182210_20240627182238,28.2,HV,UWB,19.42476,-155.277582,Uwekahuna Bluff Hawaii,IRISDMC,2024-06-27T18:22:39Z,2024-06-27T18:23:07Z,11776,62.6769,178.6921,HHN,
CAPELLA_C14_SP_CPHD_HH_20240630171031_20240630171100,28.2,HV,OTLD,19.386532,-155.281715,Outlet Digital,IRISDMC,2024-06-30T17:10:59Z,2024-06-30T17:11:27Z,11264,1.0756,4.1644,HHE,
CAPELLA_C14_SP_CPHD_HH_20240607024429_20240607024457,28.2,HV,OTLD,19.386532,-155.281715,Outlet Digital,IRISDMC,2024-06-07T02:44:57Z,2024-06-07T02:45:25Z,11264,2.3572,8.9480,HHN,
CAPELLA_C14_SP_CPHD_HH_20240607024429_20240607024457,28.2,HV,SDH,19.390003,-155.293995,Sand Hill,IRISDMC,2024-06-07T02:44:57Z,2024-06-07T02:45:25Z,11264,2.1719,8.2845,HHE,
CAPELLA_C14_SP_CPHD_HH_20240712122324_20240712122353,28.2,HV,OTLD,19.386532,-155.281715,Outlet Digital,IRISDMC,2024-07-12T12:23:53Z,2024-07-12T12:24:21Z,11264,0.9290,4.7552,HHN,
CAPELLA_C14_SP_CPHD_HH_20240604035617_20240604035645,28.2,HV,UWB,19.42476,-155.277582,Uwekahuna Bluff Hawaii,IRISDMC,2024-06-04T03:56:45Z,2024-06-04T03:57:13Z,10752,10.8571,39.0509,HHE,
CAPELLA_C14_SP_CPHD_HH_20240607024429_20240607024457,28.2,HV,UWB,19.42476,-155.277582,Uwekahuna Bluff Hawaii,IRISDMC,2024-06-07T02:44:57Z,2024-06-07T02:45:25Z,10752,22.0533,77.1352,HHE,
CAPELLA_C14_SP_CPHD_HH_20240630171031_20240630171100,28.2,HV,WRM,19.406623,-155.300005,West Rim Hawaii Digital,IRISDMC,2024-06-30T17:10:59Z,2024-06-30T17:11:27Z,9216,3.0393,15.8915,HHE,
CAPELLA_C15_SP_CPHD_HH_20241006083015_20241006083043,27.9,HV,PAUD,19.373785,-155.2155,"Pauahi, Hawaii Digital",IRISDMC,2024-10-06T08:30:43Z,2024-10-06T08:31:10Z,18432,1.7247,5.8267,HHE,
CAPELLA_C10_SP_CPHD_HH_20240622045032_20240622045100,27.7,HV,RIMD,19.395368,-155.273643,Caldera Rim Hawaii Digital,IRISDMC,2024-06-22T04:50:32Z,2024-06-22T04:50:59Z,24064,2.2664,7.9575,HHE,
CAPELLA_C10_SP_CPHD_HH_20240622045032_20240622045100,27.7,HV,KKO,19.398242,-155.266032,Keanakakoi Crater,IRISDMC,2024-06-22T04:50:32Z,2024-06-22T04:50:59Z,23040,1.6110,7.9345,HHN,
CAPELLA_C10_SP_CPHD_HH_20240622045032_20240622045100,27.7,HV,UWE,19.420972,-155.291162,Uwekahuna Vault Hawaii,IRISDMC,2024-06-22T04:50:32Z,2024-06-22T04:50:59Z,22016,1.4058,6.6859,HHE,
CAPELLA_C15_SP_CPHD_HH_20240921083038_20240921083105,27.7,HV,PAUD,19.373785,-155.2155,"Pauahi, Hawaii Digital",IRISDMC,2024-09-21T08:31:05Z,2024-09-21T08:31:32Z,20480,1.5757,7.3259,HHN,
CAPELLA_C10_SP_CPHD_HH_20240622045032_20240622045100,27.7,HV,OTLD,19.386532,-155.281715,Outlet Digital,IRISDMC,2024-06-22T04:50:32Z,2024-06-22T04:50:59Z,14336,1.0405,4.6865,HHN,
CAPELLA_C10_SP_CPHD_HH_20240622045032_20240622045100,27.7,HV,SDH,19.390003,-155.293995,Sand Hill,IRISDMC,2024-06-22T04:50:32Z,2024-06-22T04:50:59Z,14336,1.1173,5.1198,HHN,
CAPELLA_C10_SP_CPHD_HH_20240622045032_20240622045100,27.7,HV,WRM,19.406623,-155.300005,West Rim Hawaii Digital,IRISDMC,2024-06-22T04:50:32Z,2024-06-22T04:50:59Z,13312,3.5041,14.3457,HHE,
CAPELLA_C10_SP_CPHD_HH_20240622045032_20240622045100,27.7,HV,UWB,19.42476,-155.277582,Uwekahuna Bluff Hawaii,IRISDMC,2024-06-22T04:50:32Z,2024-06-22T04:50:59Z,10240,13.4565,53.6135,HHE,
CAPELLA_C10_SP_CPHD_HH_20240831215822_20240831215849,27.1,HV,KNHD,19.379447,-155.169297,Kane Nui O Hamo,IRISDMC,2024-08-31T21:58:22Z,2024-08-31T21:58:49Z,2560,0.1188,0.6319,EHZ,
CAPELLA_C10_SP_CPHD_HH_20240705135904_20240705135931,26.9,HV,UWB,19.42476,-155.277582,Uwekahuna Bluff Hawaii,IRISDMC,2024-07-05T13:59:04Z,2024-07-05T13:59:30Z,39936,1022.3302,5258.9130,HHZ,
CAPELLA_C10_SP_CPHD_HH_20240705135904_20240705135931,26.9,HV,KKO,19.398242,-155.266032,Keanakakoi Crater,IRISDMC,2024-07-05T13:59:04Z,2024-07-05T13:59:30Z,21504,1.6857,7.6106,HHN,
CAPELLA_C10_SP_CPHD_HH_20240705135904_20240705135931,26.9,HV,RIMD,19.395368,-155.273643,Caldera Rim Hawaii Digital,IRISDMC,2024-07-05T13:59:04Z,2024-07-05T13:59:30Z,19456,1.6751,6.3276,HHN,
CAPELLA_C10_SP_CPHD_HH_20240705135904_20240705135931,26.9,HV,UWE,19.420972,-155.291162,Uwekahuna Vault Hawaii,IRISDMC,2024-07-05T13:59:04Z,2024-07-05T13:59:30Z,18432,1.5310,5.5609,HHN,
CAPELLA_C10_SP_CPHD_HH_20240705135904_20240705135931,26.9,HV,SDH,19.390003,-155.293995,Sand Hill,IRISDMC,2024-07-05T13:59:04Z,2024-07-05T13:59:30Z,12800,1.0991,4.4990,HHN,
CAPELLA_C10_SP_CPHD_HH_20240705135904_20240705135931,26.9,HV,WRM,19.406623,-155.300005,West Rim Hawaii Digital,IRISDMC,2024-07-05T13:59:04Z,2024-07-05T13:59:30Z,12288,2.5872,13.5347,HHE,
CAPELLA_C10_SP_CPHD_HH_20240705135904_20240705135931,26.9,HV,OTLD,19.386532,-155.281715,Outlet Digital,IRISDMC,2024-07-05T13:59:04Z,2024-07-05T13:59:30Z,11776,1.3074,4.7268,HHN,
CAPELLA_C06_SP_CPHD_HH_20220312195320_20220312195347,26.6,AM,R349C,44.03603603603604,-123.06843625304975,Raspberry Shake Citizen Science Station,RASPISHAKE,2022-03-12T19:53:47Z,2022-03-12T19:54:13Z,42496,25.1481,121.7588,ENN,
CAPELLA_C15_SP_CPHD_HH_20241012090329_20241012090356,26.6,HV,PAUD,19.373785,-155.2155,"Pauahi, Hawaii Digital",IRISDMC,2024-10-12T09:03:56Z,2024-10-12T09:04:22Z,19968,3.0485,13.2064,HHN,
CAPELLA_C09_SP_CPHD_HH_20240617201311_20240617201337,26.4,HV,RIMD,19.395368,-155.273643,Caldera Rim Hawaii Digital,IRISDMC,2024-06-17T20:13:10Z,2024-06-17T20:13:36Z,21504,1.4295,6.1943,HHN,
CAPELLA_C09_SP_CPHD_HH_20240606011332_20240606011359,26.4,HV,UWE,19.420972,-155.291162,Uwekahuna Vault Hawaii,IRISDMC,2024-06-06T01:13:32Z,2024-06-06T01:13:58Z,19968,2.6103,11.6629,HHN,
CAPELLA_C09_SP_CPHD_HH_20240617201311_20240617201337,26.4,HV,UWE,19.420972,-155.291162,Uwekahuna Vault Hawaii,IRISDMC,2024-06-17T20:13:10Z,2024-06-17T20:13:36Z,19456,1.5956,6.3045,HHE,
CAPELLA_C09_SP_CPHD_HH_20240606011332_20240606011359,26.4,HV,RIMD,19.395368,-155.273643,Caldera Rim Hawaii Digital,IRISDMC,2024-06-06T01:13:32Z,2024-06-06T01:13:58Z,19456,5.1387,16.2561,HHE,
CAPELLA_C09_SP_CPHD_HH_20240617201311_20240617201337,26.4,HV,KKO,19.398242,-155.266032,Keanakakoi Crater,IRISDMC,2024-06-17T20:13:10Z,2024-06-17T20:13:36Z,18432,1.5439,7.9592,HHN,
CAPELLA_C09_SP_CPHD_HH_20240606011332_20240606011359,26.4,HV,KKO,19.398242,-155.266032,Keanakakoi Crater,IRISDMC,2024-06-06T01:13:32Z,2024-06-06T01:13:58Z,18432,1.9491,7.5930,HHE,
CAPELLA_C09_SP_CPHD_HH_20240617201311_20240617201337,26.4,HV,OTLD,19.386532,-155.281715,Outlet Digital,IRISDMC,2024-06-17T20:13:10Z,2024-06-17T20:13:36Z,13312,1.4721,6.2332,HHN,
CAPELLA_C09_SP_CPHD_HH_20240617201311_20240617201337,26.4,HV,SDH,19.390003,-155.293995,Sand Hill,IRISDMC,2024-06-17T20:13:10Z,2024-06-17T20:13:36Z,13312,1.6249,6.9802,HHN,
CAPELLA_C09_SP_CPHD_HH_20240606011332_20240606011359,26.4,HV,SDH,19.390003,-155.293995,Sand Hill,IRISDMC,2024-06-06T01:13:32Z,2024-06-06T01:13:58Z,13312,2.1401,8.2344,HHE,
CAPELLA_C09_SP_CPHD_HH_20240617201311_20240617201337,26.4,HV,WRM,19.406623,-155.300005,West Rim Hawaii Digital,IRISDMC,2024-06-17T20:13:10Z,2024-06-17T20:13:36Z,12288,4.1954,18.0464,HHE,
CAPELLA_C09_SP_CPHD_HH_20240606011332_20240606011359,26.4,HV,OTLD,19.386532,-155.281715,Outlet Digital,IRISDMC,2024-06-06T01:13:32Z,2024-06-06T01:13:58Z,11264,1.7439,6.5939,HHE,
CAPELLA_C09_SP_CPHD_HH_20240606011332_20240606011359,26.4,HV,UWB,19.42476,-155.277582,Uwekahuna Bluff Hawaii,IRISDMC,2024-06-06T01:13:32Z,2024-06-06T01:13:58Z,11264,51.4008,135.5202,HHE,
CAPELLA_C09_SP_CPHD_HH_20240617201311_20240617201337,26.4,HV,UWB,19.42476,-155.277582,Uwekahuna Bluff Hawaii,IRISDMC,2024-06-17T20:13:10Z,2024-06-17T20:13:36Z,10240,33.5431,95.7995,HHE,
CAPELLA_C09_SP_CPHD_HH_20240606011332_20240606011359,26.4,HV,WRM,19.406623,-155.300005,West Rim Hawaii Digital,IRISDMC,2024-06-06T01:13:32Z,2024-06-06T01:13:58Z,10240,3.6027,15.3426,HHE,
CAPELLA_C09_SP_CPHD_HH_20240719064935_20240719065001,26.2,HV,UWB,19.42476,-155.277582,Uwekahuna Bluff Hawaii,IRISDMC,2024-07-19T06:49:34Z,2024-07-19T06:50:00Z,39936,1446.7768,6424.8680,HHZ,
CAPELLA_C09_SP_CPHD_HH_20240719064935_20240719065001,26.2,HV,RIMD,19.395368,-155.273643,Caldera Rim Hawaii Digital,IRISDMC,2024-07-19T06:49:34Z,2024-07-19T06:50:00Z,21504,2.0740,8.4815,HHN,
CAPELLA_C09_SP_CPHD_HH_20240719064935_20240719065001,26.2,HV,UWE,19.420972,-155.291162,Uwekahuna Vault Hawaii,IRISDMC,2024-07-19T06:49:34Z,2024-07-19T06:50:00Z,19456,1.6441,7.8499,HHN,
CAPELLA_C09_SP_CPHD_HH_20240719064935_20240719065001,26.2,HV,WRM,19.406623,-155.300005,West Rim Hawaii Digital,IRISDMC,2024-07-19T06:49:34Z,2024-07-19T06:50:00Z,19456,,,,no channel survived response removal
CAPELLA_C09_SP_CPHD_HH_20240719064935_20240719065001,26.2,HV,KKO,19.398242,-155.266032,Keanakakoi Crater,IRISDMC,2024-07-19T06:49:34Z,2024-07-19T06:50:00Z,17920,1.7057,7.1433,HHN,
CAPELLA_C09_SP_CPHD_HH_20240719064935_20240719065001,26.2,HV,OTLD,19.386532,-155.281715,Outlet Digital,IRISDMC,2024-07-19T06:49:34Z,2024-07-19T06:50:00Z,12800,1.2393,5.5680,HHN,
CAPELLA_C09_SP_CPHD_HH_20240719064935_20240719065001,26.2,HV,SDH,19.390003,-155.293995,Sand Hill,IRISDMC,2024-07-19T06:49:34Z,2024-07-19T06:50:00Z,11776,1.2910,5.4124,HHE,
CAPELLA_C10_SP_CPHD_HH_20240708120004_20240708120030,26.1,HV,UWB,19.42476,-155.277582,Uwekahuna Bluff Hawaii,IRISDMC,2024-07-08T12:00:04Z,2024-07-08T12:00:30Z,39936,1235.8805,5525.8855,HHZ,
CAPELLA_C10_SP_CPHD_HH_20240708120004_20240708120030,26.1,HV,RIMD,19.395368,-155.273643,Caldera Rim Hawaii Digital,IRISDMC,2024-07-08T12:00:04Z,2024-07-08T12:00:30Z,21504,2.4432,9.2950,HHE,
CAPELLA_C10_SP_CPHD_HH_20240708120004_20240708120030,26.1,HV,UWE,19.420972,-155.291162,Uwekahuna Vault Hawaii,IRISDMC,2024-07-08T12:00:04Z,2024-07-08T12:00:30Z,19456,1.4759,5.6752,HHN,
CAPELLA_C10_SP_CPHD_HH_20240708120004_20240708120030,26.1,HV,KKO,19.398242,-155.266032,Keanakakoi Crater,IRISDMC,2024-07-08T12:00:04Z,2024-07-08T12:00:30Z,16896,1.5788,6.9443,HHN,
CAPELLA_C10_SP_CPHD_HH_20240708120004_20240708120030,26.1,HV,OTLD,19.386532,-155.281715,Outlet Digital,IRISDMC,2024-07-08T12:00:04Z,2024-07-08T12:00:30Z,11776,1.3755,5.9122,HHN,
CAPELLA_C10_SP_CPHD_HH_20240708120004_20240708120030,26.1,HV,SDH,19.390003,-155.293995,Sand Hill,IRISDMC,2024-07-08T12:00:04Z,2024-07-08T12:00:30Z,11264,1.1371,4.6894,HHN,
CAPELLA_C10_SP_CPHD_HH_20240708120004_20240708120030,26.1,HV,WRM,19.406623,-155.300005,West Rim Hawaii Digital,IRISDMC,2024-07-08T12:00:04Z,2024-07-08T12:00:30Z,9728,3.0878,15.9151,HHE,
CAPELLA_C09_SP_CPHD_HH_20231119132416_20231119132442,25.7,NN,UNVG,36.1106,-115.1446,"UNLV greenhouse area, Las Vegas Valley",IRISDMC,2023-11-19T13:24:16Z,2023-11-19T13:24:41Z,46592,0.7643,2.4016,HHE,
CAPELLA_C09_SP_CPHD_HH_20231119132416_20231119132442,25.7,NN,CC12,36.1337,-115.1709,Clark County Firehouse 12; ANSS SM w84gm,IRISDMC,2023-11-19T13:24:16Z,2023-11-19T13:24:41Z,23552,0.0214,0.1273,HNZ,
CAPELLA_C10_SP_CPHD_HH_20240608005508_20240608005534,25.7,HV,UWE,19.420972,-155.291162,Uwekahuna Vault Hawaii,IRISDMC,2024-06-08T00:55:08Z,2024-06-08T00:55:33Z,19456,2.6157,10.4284,HHE,
CAPELLA_C10_SP_CPHD_HH_20240608005508_20240608005534,25.7,HV,RIMD,19.395368,-155.273643,Caldera Rim Hawaii Digital,IRISDMC,2024-06-08T00:55:08Z,2024-06-08T00:55:33Z,16896,4.3627,17.5680,HHN,
CAPELLA_C10_SP_CPHD_HH_20240608005508_20240608005534,25.7,HV,KKO,19.398242,-155.266032,Keanakakoi Crater,IRISDMC,2024-06-08T00:55:08Z,2024-06-08T00:55:33Z,16384,2.7075,12.4797,HHN,
CAPELLA_C10_SP_CPHD_HH_20240608005508_20240608005534,25.7,HV,SDH,19.390003,-155.293995,Sand Hill,IRISDMC,2024-06-08T00:55:08Z,2024-06-08T00:55:33Z,12288,2.0983,9.8925,HHN,
CAPELLA_C10_SP_CPHD_HH_20240608005508_20240608005534,25.7,HV,WRM,19.406623,-155.300005,West Rim Hawaii Digital,IRISDMC,2024-06-08T00:55:08Z,2024-06-08T00:55:33Z,12288,3.3966,12.3584,HHE,
CAPELLA_C10_SP_CPHD_HH_20240608005508_20240608005534,25.7,HV,OTLD,19.386532,-155.281715,Outlet Digital,IRISDMC,2024-06-08T00:55:08Z,2024-06-08T00:55:33Z,11264,2.4488,12.1867,HHN,
CAPELLA_C10_SP_CPHD_HH_20240608005508_20240608005534,25.7,HV,UWB,19.42476,-155.277582,Uwekahuna Bluff Hawaii,IRISDMC,2024-06-08T00:55:08Z,2024-06-08T00:55:33Z,11264,21.3961,66.5895,HHE,
CAPELLA_C02_SP_CPHD_HH_20210310215642_20210310215708,25.6,IV,VENL,45.4167,12.3765,Venezia Lido,INGV,2021-03-10T21:57:08Z,2021-03-10T21:57:33Z,10752,0.1620,0.9754,HNZ,
CAPELLA_C10_SP_CPHD_HH_20240926191432_20240926191457,25.1,LX,GGNV,38.718498,-9.1505,"Lisboa, Geofisico, Portugal",IRISDMC,2024-09-26T19:14:31Z,2024-09-26T19:14:56Z,18944,0.7980,3.1476,BHN,
CAPELLA_C10_SP_CPHD_HH_20240926191432_20240926191457,25.1,AM,R2A34,38.729729729729726,-9.134956051825696,Raspberry Shake Citizen Science Station,RASPISHAKE,2024-09-26T19:14:31Z,2024-09-26T19:14:56Z,5632,0.3104,1.3745,EHZ,
CAPELLA_C13_SP_CPHD_HH_20240930140452_20240930140517,25.0,HV,PAUD,19.373785,-155.2155,"Pauahi, Hawaii Digital",IRISDMC,2024-09-30T14:05:17Z,2024-09-30T14:05:42Z,16896,1.4661,6.5136,HHN,
